Alejandro Garcia,1193151954,22/01/2001,Elclasico1,alejo.gar.122@gmail.com,3114209888
Isaac,1321,02/12/2000,p,p,3312
Noach O'Reagan,687-81-3660,19/06/1991,MQu1n8RGl,noreagan0@typepad.com,941 825 6730
Griffie Hammerson,211-47-1770,20/03/1979,MfHLsp9sWf,ghammerson1@joomla.org,587 299 3213
Chery Pierri,280-30-9728,13/04/1981,wKVDupd6w,cpierri2@hibu.com,991 835 0689
Gray Greave,802-23-5497,28/11/1974,i8T7GD28WMiF,ggreave3@sun.com,327 841 4076
Leontyne Brizland,206-74-4463,13/02/1965,4usKs6rD,lbrizland4@mlb.com,955 246 7214
Hermon Matuschek,623-56-5140,01/06/1991,bcgFIl,hmatuschek5@irs.gov,910 890 9099
Thayne Esome,803-98-7474,16/02/1981,Q8UdL2W,tesome6@stumbleupon.com,337 968 7381
Zsa zsa Pfleger,756-94-4219,03/06/1974,jCKcpjNRT,zzsa7@seattletimes.com,476 188 1360
Colman McGrale,588-22-9959,15/10/1958,G21CNCJdxQ,cmcgrale8@posterous.com,905 679 1950
Amitie Calderhead,874-27-2715,22/04/1997,CxtMJkw,acalderhead9@ted.com,398 570 3211
Elia Pickring,616-22-7951,04/08/1972,u1DY8eufw9iy,epickringa@ezinearticles.com,854 397 4456
Cassie Siddeley,259-78-6971,04/09/1981,lOS6guJQTOQ,csiddeleyb@fc2.com,716 286 5902
Hunfredo Brownsall,767-94-8648,25/10/1980,poeEA1P,hbrownsallc@yolasite.com,602 616 2161
Stephie Donoher,123-48-4744,30/09/1959,8qakl349wG,sdonoherd@answers.com,502 855 3970
Fifine Markos,659-80-9094,03/07/1974,6e0ALO5,fmarkose@xrea.com,921 377 0995
Boniface Dimitrie,682-99-5709,26/02/1952,tKv2dd4ROwas,bdimitrief@sphinn.com,247 826 7573
Romy Grimston,594-53-6611,29/01/1966,OxDgcZz7Vuo,rgrimstong@nasa.gov,909 991 4663
Darryl Haskins,557-70-8501,03/01/1967,T9ha7L2R4,dhaskinsh@jugem.jp,912 884 6430
Garrek Ridolfi,334-63-8673,08/12/1973,SE8Fbo8SBw4,gridolfii@skype.com,562 243 1713
Orelia O'Farris,180-74-5786,29/09/1998,YbK7AQsPpi,oofarrisj@sfgate.com,927 294 8830
Wolfie Marjot,607-76-9011,20/09/1989,w0YAKQax,wmarjotk@cdbaby.com,799 773 9234
Alma Heathcote,741-61-5439,11/02/1950,9Xe2aotN,aheathcotel@twitpic.com,858 420 0640
Fred Mariet,645-64-6070,22/12/1992,5gBP3Z,fmarietm@census.gov,118 842 5854
Gael Khristoforov,102-97-7433,15/07/1951,YvM6phGzdiAn,gkhristoforovn@reference.com,460 265 0354
Velvet Lohde,351-74-6265,18/08/1967,V98bQtS,vlohdeo@w3.org,889 395 7843
Louella Brandoni,301-18-8569,10/03/1996,MzkTDEB0B14L,lbrandonip@google.cn,561 665 8116
Jereme Parriss,499-56-1897,26/05/1989,8dOCXe0lxYJ,jparrissq@samsung.com,962 524 5149
Carlynn Bruhke,647-78-9190,01/06/1971,KzQlD4l,cbruhker@people.com.cn,265 628 4475
Tirrell Ardern,253-04-4338,10/08/1991,O0NWLCKbW,tarderns@over-blog.com,292 851 4564
Rubia Dellow,358-19-8103,03/11/1996,Y4dmZUF,rdellowt@bloglovin.com,269 395 4759
Lila Harverson,435-11-7777,17/02/1981,06xYlJnt,lharversonu@surveymonkey.com,819 937 7289
Lory Zahor,604-33-3534,30/07/1969,Mab3AAe,lzahorv@yolasite.com,710 387 1723
Verney Benaine,805-65-3589,09/07/1978,qwlCNzykU,vbenainew@prweb.com,439 267 9673
Onfroi Westover,491-24-5467,15/07/1974,elbJxW,owestoverx@princeton.edu,890 679 1619
Colet Cullivan,396-76-0063,15/12/1970,fhSdUbfu,ccullivany@latimes.com,229 229 5651
Cos Barnhill,237-42-0233,07/08/1957,KsQVYCyuWcV,cbarnhillz@creativecommons.org,364 570 2835
Bessie Searchwell,487-19-0409,15/04/1987,V4t92W8,bsearchwell10@java.com,196 797 5178
Klarrisa Gasnoll,248-39-5534,23/01/1950,UruzzMqP,kgasnoll11@technorati.com,113 870 6255
Vassili Vigers,308-73-6481,14/11/1982,s4xeL4,vvigers12@weather.com,589 424 8053
Pearline Beeton,721-98-9400,10/06/1981,lGqPZtR,pbeeton13@t-online.de,658 437 0128
Gal Kettlestring,316-77-8613,14/10/1955,GoAJznI7,gkettlestring14@xrea.com,626 944 2892
Fidelio Gullan,104-72-8759,20/11/1990,kpE5pbPSnED,fgullan15@ycombinator.com,861 754 8309
Domenic Pontin,378-36-3230,05/02/1989,idmZkew,dpontin16@stumbleupon.com,646 287 6672
Byran Varker,712-17-9381,01/11/1985,eRHkIG,bvarker17@google.co.jp,214 393 9264
Marni Goldes,652-57-6151,03/11/1991,NGF0mc,mgoldes18@cdc.gov,768 974 5730
Ailsun Mariette,585-42-7740,18/08/1993,glcHe4OYLqc,amariette19@yelp.com,754 290 8730
Ferris Dursley,706-48-5582,11/06/1991,RgnnqylS1y5q,fdursley1a@blogs.com,552 940 8408
Buddie Coyish,344-16-8566,20/02/1955,z7WfgI95,bcoyish1b@arizona.edu,545 876 2282
Devina Danilishin,138-43-0897,04/08/1971,T7VUVzbsff,ddanilishin1c@meetup.com,173 408 9597
Josey Frean,385-75-2502,20/01/1976,XGbMHR,jfrean1d@ustream.tv,841 749 7008
Wallache Cantor,431-95-1904,19/07/1984,EYTDhODEo9K,wcantor1e@flickr.com,446 586 9795
Aurelia Randal,405-25-8758,08/09/1960,0UbcoCz4NaEy,arandal1f@mapquest.com,613 544 0126
Melisandra Doelle,116-32-1892,30/06/1994,HWtBWU,mdoelle1g@cargocollective.com,495 527 4314
Shem Waugh,327-13-5852,26/05/1965,i1k4CZ,swaugh1h@telegraph.co.uk,648 779 9236
Thaine Philipsen,641-90-7846,17/04/1983,WD6C9duHchD8,tphilipsen1i@census.gov,543 780 4568
Nari Rowledge,295-09-7241,05/01/1972,oMUqZeKFfT,nrowledge1j@ucsd.edu,693 800 2525
Wynn Dolbey,441-46-5781,25/12/1959,SJYXxatiVfeU,wdolbey1k@omniture.com,138 816 5445
Carney Worsley,641-70-7136,24/06/1973,89etxd,cworsley1l@cmu.edu,810 425 5110
Cloe Cadge,146-13-0480,18/10/1976,zF9dms,ccadge1m@issuu.com,200 976 7997
Ingamar Cornfoot,801-21-1051,02/06/1975,IxmPN8,icornfoot1n@gravatar.com,272 536 3286
Lewiss Sotheron,192-34-8098,10/12/1967,nzaWj5qlZ,lsotheron1o@marketwatch.com,833 572 2408
Benni Thurgood,525-93-2782,05/01/1992,MtbcRw,bthurgood1p@ameblo.jp,432 174 4433
Gaye Iredell,516-63-0123,26/11/1979,M5SAcVq7b,giredell1q@godaddy.com,985 405 5503
Alphonse Kleinplac,786-07-6760,03/04/1965,u7ZyyOZ,akleinplac1r@amazon.de,435 335 7738
Leeland Gaither,713-05-9434,31/01/1977,c5DKcY6AI,lgaither1s@twitpic.com,343 963 3815
Maria Tambling,225-45-4666,08/08/1954,UX3gJ2Mg1,mtambling1t@naver.com,779 415 6954
Karlen Killford,271-99-2860,18/07/1969,2pRhjgB,kkillford1u@phoca.cz,622 405 0149
Marie Hanna,288-44-4972,03/04/1984,c8U0Kj,mhanna1v@facebook.com,767 451 3947
Gearalt Guymer,886-40-1965,08/05/1999,0wZ0flf,gguymer1w@biglobe.ne.jp,750 934 4023
Rona Solano,858-34-8119,03/12/1963,abQzVBslp,rsolano1x@blinklist.com,188 602 6232
Derek Carlsen,267-40-4566,25/10/1991,B0BuQbc4Rsn,dcarlsen1y@virginia.edu,170 300 7142
Eudora Danzelman,542-15-4327,12/03/2001,hptzcGjDVV,edanzelman1z@wikipedia.org,779 432 7889
Weidar MacMoyer,208-67-8797,16/04/1988,qjbSRi2zfe,wmacmoyer20@epa.gov,503 670 3722
Garvin Brownett,349-14-5209,17/07/1970,choNyTD2WA,gbrownett21@admin.ch,744 437 4924
Lorne Ryhorovich,297-91-3368,14/02/1978,JXCNRl8,lryhorovich22@goo.gl,811 270 1960
Lynette Ryall,767-60-1783,25/08/1989,IKHXBaCA3wC,lryall23@google.it,597 967 2094
Shalom De Ambrosis,483-24-7252,04/04/1970,x3BsO6RtN,sde24@va.gov,348 181 2227
Jaquenetta Glidder,147-33-4883,08/11/1956,E5J5hAqx,jglidder25@springer.com,545 573 4809
Justina Paolucci,102-46-0112,26/11/1970,P9FZxzwAxxF3,jpaolucci26@lycos.com,525 106 7917
Reece Hardesty,811-68-2571,21/09/1974,iyEqsGDLyR,rhardesty27@friendfeed.com,168 942 8296
Godard Jepperson,547-58-0185,03/10/1963,eEwxL2c,gjepperson28@barnesandnoble.com,914 759 5265
Jillane Gilbard,327-63-2069,31/12/1968,7hEhCM1wblw,jgilbard29@kickstarter.com,287 817 3298
Madel Retchless,323-66-0834,06/11/1955,PCP3xfK,mretchless2a@mit.edu,986 177 6350
Tonye Cleare,621-21-1215,08/02/1972,TgMEBC3l,tcleare2b@cargocollective.com,977 177 3135
Wit Upham,502-02-4833,17/11/1995,2zUOW9,wupham2c@merriam-webster.com,522 972 3727
Kaleb Yushankin,278-25-0957,19/11/1981,lo9OQicWJJMn,kyushankin2d@sfgate.com,305 191 1214
Kimmi Bevens,831-79-1889,28/11/1994,y3nstUpyNhd6,kbevens2e@yelp.com,215 121 5632
Hermy Lowrance,249-70-4864,18/09/1970,hx78ipmut,hlowrance2f@mtv.com,165 784 2213
Muffin Shippey,856-94-8526,10/11/1986,YCzgg3KmvV,mshippey2g@hibu.com,169 515 3993
Quinn Brauns,777-28-7933,23/06/1952,3dE33K8,qbrauns2h@weebly.com,432 235 6137
Debor Jovis,713-54-9273,10/02/1982,JBErBprXR,djovis2i@yale.edu,430 512 4749
Doralynne Burlingham,505-77-7071,08/09/1986,d1QydN,dburlingham2j@oakley.com,371 947 9630
Ariela Breawood,531-82-7825,27/04/1991,QIoMGpF,abreawood2k@aol.com,753 180 5732
Constantine Walton,863-12-8181,23/09/1963,SdKqaQY9O7r,cwalton2l@feedburner.com,665 135 9181
Sarina Mathe,653-56-1570,09/03/1970,2PR7AUk8z,smathe2m@pinterest.com,913 323 8101
Windy Fugere,328-41-5282,05/01/1965,CxG6DazR,wfugere2n@spiegel.de,108 403 1110
Margarethe Klimaszewski,726-16-8478,24/08/1960,M2DwMD,mklimaszewski2o@tumblr.com,288 612 6490
Eileen Baythorp,705-53-5189,07/02/2001,sHJVuEOl6yr,ebaythorp2p@fema.gov,728 418 8762
Sharyl Slade,856-01-5966,12/05/1970,korpL7XT4C27,sslade2q@squidoo.com,375 942 7849
Julie Bristowe,274-93-5430,19/08/1991,XQcTeezrS,jbristowe2r@blog.com,410 334 8027
Elisha Acarson,387-77-1433,22/08/2000,oNvmy7h,eacarson2s@shop-pro.jp,323 329 1547
Carver Godfrey,586-14-4446,30/08/1975,vshSLN61T,cgodfrey2t@photobucket.com,177 713 0462
Muhammad Karolczyk,218-49-6942,03/03/1996,xdCuUXuO2,mkarolczyk2u@oaic.gov.au,488 353 8946
Birgit Broadfield,873-80-3463,02/09/1978,TzjmUj,bbroadfield2v@skyrock.com,854 268 1337
Rosemarie Quaif,761-93-5486,03/12/1986,Tc2MqmuLw,rquaif2w@phoca.cz,991 890 3474
Susanna Dickons,491-77-7480,02/05/1989,KcYxjQ,sdickons2x@webmd.com,625 780 4178
Franky Matlock,545-87-4811,13/02/2001,K2QRLUD7aoZB,fmatlock2y@nature.com,934 767 9244
Toddy Hindrick,149-63-1809,15/04/1954,hkCz1fzSnGu,thindrick2z@mediafire.com,658 652 6826
Bobbe Corhard,166-56-6926,07/04/1976,NUqxQ8zO,bcorhard30@tumblr.com,734 408 1893
Katie Beardsall,115-95-7327,21/06/1950,dtjNL8euDyu,kbeardsall31@newyorker.com,219 271 4057
Bidget O'Hara,115-53-2236,13/02/1993,Xa0rxquaS,bohara32@mlb.com,708 713 7415
Isadore Dade,809-56-8770,16/04/1954,mfrtf4yQcPWY,idade33@bluehost.com,442 473 8750
Helen Gilham,119-45-5916,27/08/1978,AEUupxr,hgilham34@google.es,893 880 9045
Gregg Presnail,710-56-1375,23/11/1980,X29YcJj7ja,gpresnail35@addtoany.com,286 708 9918
Melita Olekhov,613-79-7952,06/11/1996,NVLK5KScoAK1,molekhov36@elpais.com,293 577 0776
Clarita Nund,708-30-9900,09/07/1965,h3OKThg,cnund37@mozilla.com,999 543 8050
Florentia Lardge,326-68-7623,15/08/1969,guaKwXyNHz,flardge38@github.io,529 538 8608
Ardath Ferry,892-82-8369,19/02/1981,IZ9fw3G0,aferry39@hexun.com,939 188 5012
Any Glasscoo,371-94-4506,08/02/1970,EAl7wXlTa,aglasscoo3a@dion.ne.jp,570 955 7370
Regan Bullar,639-13-1001,24/08/1997,N2qBSDKB,rbullar3b@whitehouse.gov,705 397 4273
Margarita Tynewell,514-02-9949,15/07/1999,RGp5R49zHRy,mtynewell3c@amazon.com,469 282 9940
Isabelle Catherall,335-54-3427,09/04/1959,bxG0fygZUU,icatherall3d@reddit.com,935 660 6143
Leese Shackell,516-94-1227,20/09/1998,FbHUg5xkkkP9,lshackell3e@go.com,937 276 8040
Sheri Glyne,482-87-8425,17/01/1967,fBVIgjjgda,sglyne3f@blogspot.com,284 723 4858
Luis Northern,255-92-2649,28/11/1974,LWSWtzZbl,lnorthern3g@addthis.com,424 178 8673
Donn Quantrill,283-97-1559,27/05/1993,6mdYGKa3,dquantrill3h@macromedia.com,764 528 0688
Napoleon McKeon,105-42-6218,21/04/1978,LB7A4Lk8t8F,nmckeon3i@freewebs.com,668 933 1334
Karena Sills,751-32-2896,28/09/1954,mqdd2OJKf8H,ksills3j@businesswire.com,455 590 3465
Kimbell Burgoyne,262-29-8257,03/02/1968,kGhqXC,kburgoyne3k@miitbeian.gov.cn,208 947 1962
Winfred Micallef,471-85-4077,07/05/1976,bk59E5X1Q,wmicallef3l@oaic.gov.au,796 396 8865
Neron Vauter,105-85-7450,12/04/1959,diuVv7MPp2,nvauter3m@dell.com,674 742 6164
Joete Monger,497-74-1929,25/09/1976,f6f4cnEb,jmonger3n@hc360.com,967 954 1275
Fifi Storrah,704-82-1033,03/08/1972,G5J6QL,fstorrah3o@youtu.be,380 364 2866
Rori Fitchett,767-18-1659,07/04/1996,wy7jF2K,rfitchett3p@springer.com,214 809 4280
Ethyl Jirousek,237-58-2287,15/12/1995,VFFNiT4p,ejirousek3q@wikia.com,852 558 0366
Rebecca Casoni,233-25-4239,29/08/1952,y9A0ebbe3,rcasoni3r@intel.com,196 279 7048
Sabine Laurant,157-37-8037,09/10/1981,aHqeFguz,slaurant3s@earthlink.net,143 209 7645
Ferdinanda Fosdyke,338-34-8177,24/08/1993,fQsSYoo,ffosdyke3t@about.me,383 320 9957
Annnora Piborn,575-79-4781,16/12/1959,cs1vPS6ivq,apiborn3u@ustream.tv,826 141 4104
Katlin Dunnett,220-44-7939,27/07/1977,amLHlp5,kdunnett3v@slideshare.net,831 730 4200
Samara Viner,275-69-7051,11/07/1965,kLFwJUMLT,sviner3w@behance.net,999 586 7683
Janaya Defty,336-01-3766,17/01/1951,2KVatb,jdefty3x@vimeo.com,249 815 9140
Alaster Dent,243-71-1489,02/10/1962,GxDXr5,adent3y@ox.ac.uk,496 642 3745
Kynthia Craigmyle,893-56-5261,28/10/1972,jlsQNZXsEC,kcraigmyle3z@multiply.com,931 178 8983
Claiborn Feirn,694-43-3511,22/09/1966,ha0nGAZc,cfeirn40@networkadvertising.org,728 872 2911
Molli Baltrushaitis,489-74-8524,19/02/1971,gnwDK7,mbaltrushaitis41@angelfire.com,730 784 9337
Taffy Catterick,161-98-3172,08/07/1973,EJ2Mgy,tcatterick42@nih.gov,319 775 9051
Bea Beecheno,253-89-5244,30/12/1984,bDHhrpMPl0,bbeecheno43@answers.com,347 411 3035
Aubrette Southey,284-71-6150,03/10/1982,TUEs8XXrDTZI,asouthey44@va.gov,601 461 9450
Mace Salvidge,820-01-9628,11/08/1951,Fgbx1k,msalvidge45@moonfruit.com,841 982 3106
Cosme Canepe,524-67-2827,20/11/1985,KMw17xz,ccanepe46@prweb.com,649 674 1905
Gerri Giordano,361-94-2524,04/10/1995,L51ZN3e4z,ggiordano47@miitbeian.gov.cn,483 860 6014
Mahmoud Brabon,211-68-8775,08/10/1993,voGTcCgmMU,mbrabon48@indiegogo.com,900 750 5875
Caro Blow,280-54-6931,25/09/1984,X7w4BK,cblow49@seattletimes.com,517 291 1038
Shalom Buntin,230-43-1490,15/11/1952,NKxaPB,sbuntin4a@accuweather.com,414 392 9783
Giustino Cato,250-01-2678,30/09/1962,KgloGb,gcato4b@scientificamerican.com,238 209 7515
Hussein Carling,390-01-6313,13/06/2000,Uoh8Mmgl,hcarling4c@google.co.jp,570 304 5092
Fredek Jorn,431-17-1009,14/02/1969,PikI2MKhahY2,fjorn4d@ebay.co.uk,352 130 1837
Noe Schiementz,542-47-7838,28/03/1973,ycREaWI88OP,nschiementz4e@behance.net,210 190 0155
Porter Segebrecht,252-10-4466,04/05/1993,pfucQP,psegebrecht4f@51.la,131 264 1210
Tandie Jessopp,447-76-5587,20/06/1951,6Zn6C76kH,tjessopp4g@delicious.com,149 147 3901
Orin Baine,241-26-9104,23/06/1999,crt8EGjoCww7,obaine4h@plala.or.jp,419 819 8665
Bogart Simyson,351-78-5786,01/10/1950,bVpKzGwlz,bsimyson4i@facebook.com,438 829 6689
Dareen Philpin,306-40-2966,08/10/1987,u6jCfBwbbJ8,dphilpin4j@umn.edu,752 354 5070
Seymour Bouttell,362-19-4572,08/01/1963,C4bZFuLgSF3,sbouttell4k@shareasale.com,529 884 5396
Jonathon Samper,399-52-9777,12/06/1985,pWRlrq4IyQe,jsamper4l@pinterest.com,628 951 8997
Aldwin Baumann,142-69-8962,03/10/1998,nZAP26jmLp,abaumann4m@bbb.org,185 660 1016
Bette Towe,415-64-9458,14/06/1977,zOcaB6fY8sJ,btowe4n@sciencedirect.com,525 495 2670
Rasla Scholl,691-90-7177,03/06/1970,Evg3v4v,rscholl4o@discovery.com,923 761 1917
Brooks Ceschi,348-18-4645,17/02/1956,LR4pZINI4BvV,bceschi4p@wordpress.com,428 399 6859
Carlynn Prendergast,508-96-8332,29/01/1986,xnLO6C43nx0,cprendergast4q@sakura.ne.jp,700 867 7469
Jacinthe Comben,331-79-3529,01/06/1990,7Vjvk2,jcomben4r@instagram.com,911 810 7957
Noam Floyd,712-36-7226,28/10/1956,BWp9gcG6BJ,nfloyd4s@cpanel.net,464 808 6996
Bord Giorgetti,897-41-0598,24/01/1990,HibTpdReX,bgiorgetti4t@wikispaces.com,857 280 4519
Webster Maginot,757-58-6627,03/03/1978,C3ZzSikc2r,wmaginot4u@goodreads.com,626 322 7944
Taffy Pavkovic,120-93-1789,12/02/1986,48Lb1mlBU,tpavkovic4v@yahoo.co.jp,747 932 9484
Crichton Sherwell,132-17-9553,30/06/1981,bnbGDtYq4YS,csherwell4w@senate.gov,506 678 5430
Gerrard Rigg,135-98-0611,16/02/1987,9kc3dl4C,grigg4x@answers.com,177 301 4394
Fidela Shapira,714-78-2501,29/05/1978,mM3NmLmr9mCA,fshapira4y@sfgate.com,813 206 8734
Stormie Abramsky,635-87-3565,07/04/1990,SgIqBYVpScGX,sabramsky4z@vistaprint.com,265 155 4903
Clair Srawley,767-21-4452,09/03/1961,isPcbO,csrawley50@scientificamerican.com,467 913 7068
Ricky Woodgate,718-14-0197,30/09/1974,6JNkLdJe7,rwoodgate51@seesaa.net,290 986 6285
Cliff Deaton,248-39-7471,04/10/1974,OzhDTZ58xXir,cdeaton52@loc.gov,606 296 2572
Henrie Klimkowski,656-35-2266,29/11/1958,3MqdlNgVWu8k,hklimkowski53@stanford.edu,809 845 7746
Mavra Strotton,522-51-9379,26/12/1976,hN3t3MP,mstrotton54@bluehost.com,586 765 9414
Dunn Schleswig-Holstein,358-74-9932,20/12/1995,k9FiiHSLtLcH,dschleswigholstein55@t.co,199 280 2135
Odella Guilbert,445-06-9820,09/04/1972,ZVvVK3maUBo,oguilbert56@utexas.edu,649 352 2304
Josepha Kellar,832-41-4063,13/01/1968,sgLrFuFgqI,jkellar57@wsj.com,132 751 5675
Hermia Eckley,631-67-6171,26/02/1990,GxE6WtLRTk,heckley58@dion.ne.jp,741 130 7597
Vance Antognetti,608-54-8818,31/03/1982,WXn94vP,vantognetti59@newyorker.com,800 929 6726
Bennett Dehm,326-72-1313,01/07/1997,GoT4etf7,bdehm5a@nature.com,325 760 0642
Elden Goulter,730-91-3005,03/09/1999,wWHFy7gM,egoulter5b@xrea.com,156 102 9446
Pansy Conkay,892-67-8810,14/03/2000,zjuRSWGT,pconkay5c@mapquest.com,612 871 1277
Ninnette Izakson,119-82-4922,01/09/1964,ctNhglK0,nizakson5d@nps.gov,914 834 5896
Virginia Childes,463-85-7693,21/09/1965,QFiNgo,vchildes5e@linkedin.com,446 797 6470
Trstram Mayho,528-67-1956,18/04/1999,M8iZgOcio,tmayho5f@cbc.ca,792 252 4038
Jayme O'Dulchonta,815-11-1507,07/12/1968,Zpy3rzhspMq6,jodulchonta5g@blog.com,974 261 8952
Jamey Skaife d'Ingerthorpe,458-24-3028,12/10/1978,Esn50Iyg91Tx,jskaife5h@taobao.com,827 987 4725
Lynnell Di Dello,439-19-3937,18/05/1979,Fa53T9CQ,ldi5i@dailymotion.com,616 317 9625
Aila Lawly,303-97-9297,25/08/1965,6QHmWQwyk,alawly5j@friendfeed.com,694 425 1787
Cassandra Maddocks,708-57-4025,30/03/1994,E59IdzqkM90,cmaddocks5k@sfgate.com,642 469 6592
Robers Ottiwill,137-03-5233,06/12/2000,9uvou4,rottiwill5l@uiuc.edu,521 169 0994
Doria Mundee,349-55-3548,28/07/1998,enNAlF8aKht4,dmundee5m@acquirethisname.com,975 732 1903
Zelda Robak,813-74-3853,06/05/1986,MA3ppQPy,zrobak5n@rambler.ru,811 695 0519
Cheston Serrell,132-40-8838,17/08/1985,STADamfpQ,cserrell5o@vimeo.com,308 835 3961
Saundra Bernt,709-80-1135,03/11/1974,2DiyxohL,sbernt5p@istockphoto.com,381 399 4791
Emelen Ramsted,266-14-9106,22/07/1986,joENaXElW30J,eramsted5q@prlog.org,911 400 3142
Brade Sidney,565-76-4152,25/01/1962,LrWbmkJLQ,bsidney5r@biblegateway.com,466 814 0691
Koralle Stroband,808-83-9768,02/04/1951,KDVT30MEC11,kstroband5s@zdnet.com,667 699 4473
Virgie Scrimgeour,379-77-4085,22/10/1966,j64w5LChvz,vscrimgeour5t@istockphoto.com,456 348 1366
Cammy Bielfeldt,362-64-8434,02/08/1970,s2LV08PmjK,cbielfeldt5u@patch.com,621 759 8100
Corenda Stackbridge,528-62-8750,19/02/1959,k7U2XqEC01T,cstackbridge5v@posterous.com,126 925 0586
Julienne Gilffilland,802-91-2690,18/09/1964,6Bi08e7,jgilffilland5w@purevolume.com,506 953 1520
Meagan Keppel,363-44-1069,01/02/1981,WDG2zHC5R,mkeppel5x@bandcamp.com,776 615 5055
Nady Bennington,522-89-0687,01/04/1950,7RcyDb,nbennington5y@1688.com,213 533 9497
Lanna Charrier,765-50-1904,05/09/1954,u0AQwie2m,lcharrier5z@godaddy.com,497 593 6201
Ase Cottell,555-38-8316,18/04/1966,yGqXfr,acottell60@nationalgeographic.com,200 120 8446
Cristobal Cleator,608-22-2375,18/03/1970,wkk5uXGIBeu,ccleator61@auda.org.au,671 796 0164
Quincey Orhtmann,483-44-7137,20/01/1966,phKH44w,qorhtmann62@freewebs.com,992 137 7579
Haroun Venard,229-22-2706,01/10/1972,ivWSE4jbc70,hvenard63@army.mil,984 515 0230
Lia MacEvilly,849-20-0958,30/01/1997,PCUSi4lDX,lmacevilly64@ameblo.jp,302 937 2960
Sloane Preuvost,869-52-7761,15/03/1964,mvDVlrx,spreuvost65@amazonaws.com,139 269 2127
Orv Grishagin,497-26-6812,24/05/1970,yuxqVej,ogrishagin66@loc.gov,960 809 6951
Jeth Cluse,894-57-6006,30/06/1983,TUO8Vv58,jcluse67@washingtonpost.com,377 851 5712
Julissa Hoppner,698-77-2543,28/03/1973,9Rnu7xs9S,jhoppner68@fema.gov,166 841 2352
Aila Jumel,165-65-0239,09/10/1988,I6S3WhB,ajumel69@ifeng.com,988 116 4928
Lilas Harvie,121-07-9970,23/05/1993,ZsQFh0R,lharvie6a@europa.eu,724 262 1882
Meridith Switland,113-48-6678,05/06/1952,nntuWeEkuW,mswitland6b@google.es,673 384 6488
Nelli Housin,562-53-6801,04/03/1997,O77blXu,nhousin6c@istockphoto.com,336 378 1625
Krystal Grenkov,569-25-7057,14/12/1958,lQ0Aw38nP,kgrenkov6d@instagram.com,462 480 9917
Mirabel Arents,275-65-3109,16/04/1989,TZo8rQVtmkOg,marents6e@hhs.gov,655 292 3020
Coretta Austen,291-89-7029,17/11/1957,uhcLU86DtYZ,causten6f@ow.ly,870 227 9127
Adella Shufflebotham,714-87-8164,05/07/1986,eoOiaRV3bS,ashufflebotham6g@noaa.gov,610 353 8334
Janek Wrotham,231-22-1790,10/05/1960,bKdGOmrVJ,jwrotham6h@typepad.com,882 605 9456
Bette Learmouth,581-09-5929,06/08/1984,RkwbGzYA8qI7,blearmouth6i@miitbeian.gov.cn,931 558 0214
Tripp Coveny,741-65-8262,21/04/1974,PFou1g0K5Hj,tcoveny6j@noaa.gov,840 617 2596
Astra Togher,748-24-7161,19/06/1979,kVh4cD,atogher6k@phpbb.com,912 325 6478
Constantin Bielby,288-30-5793,28/02/1969,PFhzJ8,cbielby6l@yellowpages.com,781 589 1463
Webster Iddenden,249-01-3868,12/01/1965,hk2AD1HhORKp,widdenden6m@ucoz.ru,968 665 4357
Alvin Ferrick,683-35-1935,02/11/1999,Uc8Slywe55r,aferrick6n@wsj.com,166 711 7898
Karry McDarmid,605-57-3323,25/12/1983,DdS5g6VZimD,kmcdarmid6o@patch.com,494 725 1129
Anstice Sturgess,152-29-6449,25/12/1975,gSaigC,asturgess6p@fastcompany.com,813 659 4272
Theo Janz,847-30-4819,20/08/1995,1t0y4KSHt,tjanz6q@hhs.gov,214 253 5623
Ferd O'Hearn,873-27-9797,27/11/1962,GNqKLapquS,fohearn6r@globo.com,257 876 4474
Orly Corroyer,333-14-2850,02/09/1963,Xqzk6ZP,ocorroyer6s@youtube.com,749 648 3061
Douglas Gildea,173-82-9362,20/08/1997,PHJr9HHvUrj,dgildea6t@ebay.co.uk,691 830 1849
Glennie Bletso,673-85-1827,13/03/1955,4DrbtEWaD3g3,gbletso6u@fotki.com,409 906 1445
Marigold O'Hanley,603-95-4677,03/04/1959,NMEbC39QM,mohanley6v@examiner.com,748 823 9013
Nerte Lowrance,124-70-8502,06/10/1967,0CNWNHWBtv,nlowrance6w@smh.com.au,136 611 3800
Adena Elderton,847-33-1324,20/03/1962,zwnH6bMX,aelderton6x@quantcast.com,764 769 8427
Ebeneser Burdas,686-24-4125,08/10/1966,D3rDQtDAFKU,eburdas6y@samsung.com,318 891 3284
Katuscha Sends,754-71-5749,28/01/1955,McFymoD,ksends6z@engadget.com,913 781 4053
Jaymie Jager,543-96-6021,27/05/1997,6r1nsdOa,jjager70@skyrock.com,427 387 9340
Bald Rostern,898-13-4604,11/09/1991,uqWdZ1GDJO,brostern71@telegraph.co.uk,806 137 9584
Doralynn Drinkale,154-16-2159,04/01/1959,NAnDXnVsFwt,ddrinkale72@over-blog.com,134 806 5863
Papagena Blueman,509-18-9251,23/01/1984,lri6ma,pblueman73@pbs.org,108 192 3082
Gray Slainey,401-91-7690,16/08/1952,rvkHdNXD2,gslainey74@flavors.me,195 658 2057
Dominica Saffe,786-63-2631,02/12/1977,BI0OgD1u14,dsaffe75@163.com,547 446 1506
Ignacio Izakson,588-55-2762,13/11/1993,ocSWRKrC,iizakson76@state.tx.us,506 262 5896
Wes Wallbank,552-05-8402,24/04/1965,4mTVOno9AE4,wwallbank77@macromedia.com,974 599 2798
Spike Botfield,310-16-1841,12/09/1954,rW9eAzTn,sbotfield78@theguardian.com,470 379 0533
Joelie Mengue,560-84-5654,29/04/1975,lBlu4HBmam4,jmengue79@weebly.com,208 408 3756
Korrie Alelsandrowicz,281-47-2327,03/10/1997,rqwQUKdcACm,kalelsandrowicz7a@aol.com,930 436 7803
Hedvige Tregenza,828-13-6151,08/02/1995,wqnSjh0vitf,htregenza7b@statcounter.com,478 539 6087
Tripp Hassett,320-60-1118,17/04/1986,RjFArr7q,thassett7c@cloudflare.com,889 223 3298
Nicolina De Biasio,352-46-9138,27/12/1959,dMS6yaC,nde7d@deliciousdays.com,172 393 2864
Shanna Kurton,531-29-3688,22/05/1980,k2q6oG5O,skurton7e@europa.eu,446 564 4885
Winslow de Broke,578-52-2817,09/12/1967,YvmSfJKe,wde7f@fc2.com,859 710 0526
Anabel Sawyer,579-17-0428,27/12/1974,yAVvGbnlONPY,asawyer7g@creativecommons.org,579 759 1748
Mamie Tripon,370-02-6487,18/12/1955,l4dYQC,mtripon7h@blogtalkradio.com,750 130 0473
Dalt Baswall,465-15-1163,05/01/1953,bNPArGHOAn5,dbaswall7i@vkontakte.ru,747 644 6321
Evangelina Blunden,117-64-9975,14/09/1983,6ltzfI60z,eblunden7j@jigsy.com,605 959 3237
Sigfrid Cream,426-78-6141,09/12/1968,h4wg5wRqOcjI,scream7k@icq.com,661 867 6996
Si Kundert,134-23-2964,21/05/1990,eimN21vDuH6p,skundert7l@slashdot.org,499 772 7933
Consolata Simpkiss,604-30-6504,29/09/1964,PHpUpay9mRY,csimpkiss7m@seattletimes.com,484 906 3507
Tessi Kopp,787-13-2229,23/10/1994,fJLMYZCTs2p,tkopp7n@paypal.com,145 467 3810
Audrye Tamsett,671-33-7000,17/08/1957,BWLmsxpaS,atamsett7o@nyu.edu,683 221 7925
Leonerd Slaney,875-22-6465,21/01/1989,JR9BbLRV,lslaney7p@cisco.com,353 320 6787
Ashleigh Binfield,629-81-6148,06/03/1995,KS546dhFM,abinfield7q@miitbeian.gov.cn,359 979 7580
Christa Loud,775-57-3954,12/06/1973,xDxCCexZh3,cloud7r@cocolog-nifty.com,920 961 4451
Pennie Pallister,505-49-4387,13/08/1953,jCJ5vJn,ppallister7s@wiley.com,865 519 5037
Merill Nutbrown,325-48-5090,06/07/1987,7fNU4OvC,mnutbrown7t@noaa.gov,646 733 4200
Sinclare Bream,490-99-1379,09/01/1996,1nKyTZEJnZ,sbream7u@google.com.br,454 753 3868
Ashli Lilley,498-89-9802,15/04/1951,DOJQtSLiI,alilley7v@stanford.edu,197 107 8109
Rycca Petraitis,434-77-6698,29/01/1962,KhZUaR,rpetraitis7w@istockphoto.com,637 275 2545
Floria Olivey,191-48-9760,20/07/1976,803gmg6B7y,folivey7x@bloglovin.com,775 383 4547
Minerva Osgood,899-97-4399,01/01/1991,NiFkO28xVR,mosgood7y@opensource.org,548 642 1013
Gene Cobleigh,563-67-1827,30/04/2000,ZBADAf,gcobleigh7z@instagram.com,543 935 8423
Ali Videler,674-04-7600,08/12/1951,KUo7vDNINr,avideler80@plala.or.jp,688 259 0608
Coop Habergham,760-56-2265,02/12/1957,w2erPxuz,chabergham81@feedburner.com,629 352 4823
Dinny Myott,411-42-6758,08/10/1981,S9U7ww8ac,dmyott82@a8.net,826 851 5337
Karney Purchase,266-38-0163,20/05/1992,sZbnMD,kpurchase83@printfriendly.com,803 484 0296
Worden Chesnut,625-64-4109,15/11/1982,Tzxdym,wchesnut84@tumblr.com,190 483 2394
Arlene Saur,589-65-4791,14/07/2000,RCboa8vV,asaur85@wired.com,298 999 0756
Jan Alvaro,274-85-9118,17/05/1956,0m3Eli,jalvaro86@bigcartel.com,640 993 3464
Maynord Wretham,362-05-4881,05/07/1956,Kd4T6bqlsk,mwretham87@rediff.com,842 274 0619
Jerad Jeannin,742-66-0922,20/10/1991,xvRqM0,jjeannin88@technorati.com,726 597 4071
Tobin Yakunkin,580-14-9866,23/04/1953,SikO6A2qceP,tyakunkin89@goodreads.com,864 536 2335
Maddy Stelfox,258-69-0228,20/11/1951,lGZYEuGZVdu5,mstelfox8a@cbc.ca,695 360 0063
Walt Bullen,210-89-3884,24/05/1975,C3y1TOX,wbullen8b@google.co.jp,441 853 2464
Claus Fransseni,651-08-7608,14/12/1981,qzCP4abbKee,cfransseni8c@buzzfeed.com,352 418 2953
Truda Regis,590-38-3697,18/11/1975,sBAkNT7E,tregis8d@cargocollective.com,219 874 7130
Lamar Olivazzi,319-04-3093,03/09/2001,aOWvcuV,lolivazzi8e@nymag.com,222 535 2817
Wendy Ramelet,129-87-7168,24/01/1971,ndpF0R,wramelet8f@ca.gov,765 745 7036
Lyn Spadari,392-36-6877,08/12/1979,4uws2AJd,lspadari8g@google.pl,440 692 1910
Temp MacPhaden,797-86-2100,20/12/1964,qd5FdOegftVH,tmacphaden8h@redcross.org,524 740 9863
Tristan Gallant,425-40-8838,15/12/1986,9mi59G,tgallant8i@cnet.com,210 695 4665
Douglas Riddiough,202-35-2638,20/06/1994,hx0m70p8DP,driddiough8j@geocities.com,812 871 6021
Kelcy Ivers,617-37-4688,20/10/1975,LhNrkGnR1v,kivers8k@flickr.com,443 397 9972
Floyd Mayston,672-19-6498,23/12/1973,TvJi8W,fmayston8l@oracle.com,640 329 6968
Elka Svanetti,562-20-1186,12/05/1987,MDoJgn0OP,esvanetti8m@springer.com,489 318 9416
Rhonda McCrystal,555-77-4468,28/10/1962,fEnAXI8KYw,rmccrystal8n@digg.com,560 816 6532
Isidore Eagland,630-44-5506,31/12/1959,ENI4ZkLY,ieagland8o@weibo.com,627 609 5680
Kendra Fevier,700-90-5205,27/05/1953,6CgA3CVEimW4,kfevier8p@cyberchimps.com,937 799 9952
Glenn Cousans,484-89-0275,09/01/1992,Ke8xKYTcvG,gcousans8q@dailymail.co.uk,109 992 6613
Carlyle Shovelton,234-40-0285,04/09/1995,5mcaoYknjhx,cshovelton8r@google.fr,347 683 4732
Gianina Bisset,296-08-7933,16/09/1954,b7n4i1a49,gbisset8s@altervista.org,987 289 8951
Roseanna Clarke,774-64-3155,25/05/1969,UFHa5irEvruN,rclarke8t@scribd.com,352 239 7842
Sigismundo Ciccottio,406-65-5159,06/09/1951,WZtfOG,sciccottio8u@networksolutions.com,780 307 8797
Sofia Poll,714-29-8335,21/05/1989,I3F0jkrt,spoll8v@spiegel.de,596 104 7947
Noni Pegg,710-64-0671,31/05/1952,6HxovsxzXLE,npegg8w@prweb.com,691 876 3946
Nikita Phillippo,275-18-8966,10/04/1960,LfgD721,nphillippo8x@umn.edu,537 814 9394
Barde Blazejewski,301-41-3595,02/07/1966,qfTTHC1Oudr,bblazejewski8y@home.pl,504 287 2307
Garvey Vallentin,573-86-2728,25/08/1989,cxxhcAUgy1rC,gvallentin8z@mapquest.com,657 292 7673
Sherry Brunner,473-66-3068,13/04/1959,lT3tWbP,sbrunner90@blogger.com,855 146 7645
Florance Graveney,417-87-5200,24/08/1973,msHtdscLU5ej,fgraveney91@about.me,228 138 8112
Eldredge Marriage,314-18-0698,01/02/1978,UKtfa1E,emarriage92@godaddy.com,971 187 8024
Valida Sworne,745-25-8978,17/08/1979,6p3Z0eso,vsworne93@economist.com,855 735 4220
Zachariah Ealden,449-52-6239,29/10/1987,B2OCvKkPVo,zealden94@weather.com,851 899 8378
Sherye Coldicott,329-48-6059,07/03/1957,eBHR4w,scoldicott95@house.gov,138 657 2900
Herta Ashall,800-59-8548,28/02/1956,qeKTw3nLvqRL,hashall96@washington.edu,300 489 2795
Hendrick Ayllett,720-12-3296,27/02/1979,8SBidi,hayllett97@salon.com,291 223 0053
Nannette Annesley,514-22-3505,07/07/1985,Xaj9EktG9,nannesley98@ihg.com,623 753 5894
Sammie Fitzer,474-20-8937,25/03/1967,dZTaiVG,sfitzer99@nationalgeographic.com,191 267 5035
See MacTeague,244-72-2077,27/01/2000,hX2kJ4X2e,smacteague9a@1688.com,317 838 8278
Linell de Verson,271-31-9789,19/06/1952,e9oEuaUJRioT,lde9b@chicagotribune.com,524 186 3792
Branden Leversha,414-32-6127,26/06/2001,nd5h9yG,bleversha9c@illinois.edu,164 375 8708
Ree Penhalewick,183-02-2610,14/05/1983,zxLob0p9Cr,rpenhalewick9d@dion.ne.jp,551 310 9199
Katharine Bilovus,170-43-1567,30/06/1957,7uer5aS0ZScR,kbilovus9e@geocities.com,172 277 1288
Russell Spere,252-14-2386,17/05/1971,N2BnogIqx,rspere9f@twitter.com,559 535 3504
Gus Kleinerman,425-47-9491,04/05/1993,YzkB19sqzN,gkleinerman9g@hexun.com,513 486 2999
Annamaria Volett,497-29-3163,15/03/2001,tVaSJFq,avolett9h@mac.com,694 925 4939
Bat Balshaw,468-60-8194,07/12/1959,sgFtZP0caj,bbalshaw9i@icq.com,811 615 1792
Gale Ropert,650-79-4296,24/04/1970,HfhLddrCTf,gropert9j@who.int,276 224 3637
Cammi Laffoley-Lane,103-61-9267,27/04/1954,fevUAmf,claffoleylane9k@va.gov,325 940 7488
Jammal Durward,524-50-8002,25/11/1977,KlEtiZ,jdurward9l@buzzfeed.com,867 262 5827
Glynda Letch,820-58-6931,24/08/1982,qIyItqI,gletch9m@flickr.com,144 525 9519
Ardis Iskov,773-09-4241,25/06/1954,ab12hlLt8ZF,aiskov9n@hud.gov,605 630 4811
Modesta Gouth,179-17-9269,17/12/1968,1zffc60SZ,mgouth9o@de.vu,791 222 7237
Jaynell Agutter,485-02-9394,29/05/1999,YksxGAgi,jagutter9p@forbes.com,403 679 2044
Berti Plose,741-61-0217,10/12/1962,Gkq7Wms,bplose9q@wired.com,986 140 4420
Kort Vitet,107-30-0110,25/03/1979,1YlQgb,kvitet9r@netlog.com,276 754 9282
Josefa McDavid,732-13-6486,14/07/1983,8Ei9EQ,jmcdavid9s@google.fr,480 805 9719
Mariam Wareham,798-01-3818,16/07/1982,52qhTJIxpH,mwareham9t@jugem.jp,886 964 9063
Layla Sanchiz,307-91-5386,26/01/1971,pDaUbWn9,lsanchiz9u@dagondesign.com,151 515 1430
Jillian Vockings,342-16-6944,26/01/1971,FtpUKq6Uswo,jvockings9v@dedecms.com,342 535 8387
Druci Dering,670-78-7110,17/03/1979,AMLoSA,ddering9w@paginegialle.it,173 907 5887
Timotheus McCart,826-78-9922,03/07/1990,cYJtwZKQo,tmccart9x@privacy.gov.au,839 310 5062
Fax Nancekivell,253-86-5846,29/07/1997,lXK0paMi42,fnancekivell9y@marketwatch.com,180 961 4765
Darya O'Neal,108-40-2410,08/10/1967,54Apmhm,doneal9z@123-reg.co.uk,591 537 3695
Fulvia Pretty,450-60-4795,21/09/2001,8fqZ4PXNat,fprettya0@goodreads.com,701 941 1911
Clarice Dowty,700-38-4938,01/07/1956,k8SuMcN8A8,cdowtya1@home.pl,799 893 9809
Ginevra Barbier,746-71-6233,17/09/1999,W9ZwunohyJ9,gbarbiera2@homestead.com,572 862 1917
Nevins Natt,405-04-2189,28/04/1959,AWabL5XhIP,nnatta3@bbc.co.uk,446 895 3872
Darin Gulley,894-97-0970,10/07/2001,X3knzkLYydG,dgulleya4@com.com,298 120 2202
Sutherlan Boor,450-92-5553,01/09/1954,LbnzTnTax,sboora5@soundcloud.com,610 858 5877
Maxim Spurman,672-54-5615,25/10/1995,YqVNDvP8rrY,mspurmana6@homestead.com,358 742 8081
Sheridan Leving,823-73-0668,27/03/1989,O38Jmaa,slevinga7@amazon.de,857 262 0518
Gerrie Nelthorp,603-50-3567,31/01/1969,Y2Bx3Z6782,gnelthorpa8@unesco.org,947 686 1075
Samaria McPaik,871-82-4242,29/04/1972,djjg3ymUumsr,smcpaika9@twitter.com,835 941 8472
Faulkner Hryskiewicz,771-29-9797,23/06/1951,BW3tu96,fhryskiewiczaa@elegantthemes.com,301 813 1736
Roscoe Boame,668-81-4655,08/06/1961,DQquowwlI9,rboameab@artisteer.com,379 467 0730
Bellanca Candey,668-29-3137,23/08/1996,vkxAz2a56IkR,bcandeyac@umich.edu,720 111 4367
Pauly Ricson,391-42-7549,20/12/1969,Z09AxpVgsxKW,pricsonad@weather.com,636 402 9380
Ebonee Antyukhin,457-99-9903,01/06/1962,vgBfbXiORa,eantyukhinae@eepurl.com,446 992 5469
Emory Laflin,625-16-8573,04/08/1981,toplt1GUNELA,elaflinaf@icio.us,626 646 0444
Nerissa Klosges,859-94-8770,12/03/1968,7a93aEmG,nklosgesag@berkeley.edu,696 376 3468
Faye Spiniello,248-52-6531,19/09/1961,SKKc9J0C,fspinielloah@1688.com,715 926 3730
Boote Antoni,295-36-5306,15/10/1994,ALB7pXII00HM,bantoniai@photobucket.com,312 815 1761
Ravid Huton,516-18-3664,18/01/1986,EYvcpY3,rhutonaj@nba.com,297 776 2633
Gayleen Kincaid,371-69-6571,11/06/1998,3HVkKGS6n,gkincaidak@discuz.net,317 189 3258
Brandi Shrimpling,721-89-7968,13/12/1971,F2e2Bf06T,bshrimplingal@istockphoto.com,188 625 2773
Nero Eaton,243-76-6802,05/06/1989,Ix6EHobbNF,neatonam@dell.com,382 618 6783
Veradis Wagg,662-87-1090,17/05/1986,1yMPvFZG2i3v,vwaggan@clickbank.net,664 901 8311
Natty Galbreath,550-18-0185,19/06/1987,v33JjUV0wMKc,ngalbreathao@netlog.com,181 566 7033
Armin Trousdell,544-56-7729,31/08/1964,7B2h9uRIe,atrousdellap@amazon.co.uk,741 661 7176
Dominick Jansky,550-54-1230,07/06/1956,rm6GxM,djanskyaq@google.ru,206 554 8416
Sergio Knutton,461-85-4304,09/02/1977,nKVLW8,sknuttonar@1und1.de,273 546 7157
Fidelio Sey,122-59-3906,17/01/1971,8GnONu,fseyas@netscape.com,650 619 1276
Philippe Myring,890-80-7963,27/06/1974,Xyl4Tdq,pmyringat@japanpost.jp,607 404 7140
Timotheus Spurden,681-59-4445,21/11/1992,PsYIZUeL57,tspurdenau@sourceforge.net,634 870 6711
Dalton Rountree,615-60-5040,28/11/1960,zfTVXt,drountreeav@sciencedaily.com,773 785 1555
Ashien Johl,803-89-1184,09/07/1973,M4Xn5vuwdvs9,ajohlaw@wordpress.com,434 753 2177
Jamill Fordy,617-94-6792,05/11/1974,vBf4ICl,jfordyax@hubpages.com,519 619 1965
Ax Mc Gorley,750-37-0524,19/06/1966,dKy6zYvRaBZ,amcay@dropbox.com,667 378 0037
Erhard Grushin,740-88-7743,16/01/1980,Io0uAY,egrushinaz@go.com,867 954 9756
Greggory Sambrook,533-20-8845,14/10/1994,pmFTDyQhEZu,gsambrookb0@weebly.com,391 715 8181
Myrna Cerith,761-36-0359,12/04/1974,JqtR8g9c,mcerithb1@disqus.com,143 597 6057
Nathalie McGrey,307-80-3934,14/07/1959,bC8ahVFOh,nmcgreyb2@alexa.com,437 552 5198
Keven Kerbey,335-45-1121,21/01/1987,cdVvP3Mwfb,kkerbeyb3@icio.us,105 609 9801
Bax Bahia,649-29-2750,02/06/1955,0GqauQIJhGx0,bbahiab4@buzzfeed.com,220 731 0740
Paddie McClay,721-20-9619,18/04/1987,B3490S80o,pmcclayb5@jugem.jp,871 565 8054
Pincas Chadburn,487-28-9887,16/08/1985,aozmuv2FMl2J,pchadburnb6@theatlantic.com,378 430 2413
Herculie Rodear,209-98-4932,26/06/1973,F0O9zZ,hrodearb7@elpais.com,651 206 4215
Carmela Greenier,272-72-7011,23/08/1980,qWYDSG,cgreenierb8@skype.com,127 287 5361
Carlo Corke,832-17-8354,08/05/1958,wwWfwqNds,ccorkeb9@qq.com,904 175 8489
Erminia McPheat,245-82-8001,04/04/1985,Ozd2r0u,emcpheatba@stanford.edu,206 726 4593
Brianna Gabbitas,887-65-5698,22/02/2000,0P1s2xu5,bgabbitasbb@google.ca,789 610 9056
Felice Knibbs,550-70-0497,22/11/1991,7mIqwIbx,fknibbsbc@youtu.be,216 710 6434
Cynde Thurby,106-62-0061,11/01/1973,OfaI0GbBq,cthurbybd@hubpages.com,666 889 2370
Matelda Holsall,550-45-8446,09/08/1981,rxkmw5,mholsallbe@printfriendly.com,853 654 7707
Evaleen Sketh,792-88-8285,14/08/1983,jIAteTtKZR,eskethbf@cnn.com,946 858 2409
Shermy Cubbini,367-17-2191,04/05/1953,ToNZ6HQtH,scubbinibg@wikipedia.org,316 201 8357
Lester Shivell,118-36-7656,17/02/1970,1G5TMatyHzM,lshivellbh@liveinternet.ru,819 722 3688
Alwin Kilgour,582-67-8411,08/08/1960,f0UAtqe,akilgourbi@sun.com,467 521 5552
Salvatore Anfusso,326-19-6989,04/06/1971,0XwJAyWf,sanfussobj@toplist.cz,606 895 5762
Ruy McAloren,892-72-8183,02/08/1969,7NQ9AGD,rmcalorenbk@flickr.com,973 442 2681
Dolli Foxton,471-20-5216,22/02/1988,AU70Z02CKx,dfoxtonbl@slideshare.net,179 790 2440
Bernete Matthaus,597-70-4015,16/02/1955,tvDhwH,bmatthausbm@de.vu,940 698 5966
Mata Whimper,426-27-5341,03/11/1977,2n8cvXYgY9wP,mwhimperbn@tmall.com,115 452 9400
Rafaela Fantini,895-57-4931,04/05/1985,yPJ0abTjD3of,rfantinibo@list-manage.com,637 387 5596
Yankee McElree,702-60-7284,09/01/1962,8fvwegoaYPL,ymcelreebp@weibo.com,731 833 5853
Susy Dangl,886-97-0162,27/06/1990,zH9qO3,sdanglbq@flickr.com,841 627 4926
Elliott Spadelli,823-47-4362,31/05/1974,T8FiyQseSh,espadellibr@t-online.de,698 913 1458
Emalia Codman,500-19-8591,05/09/1959,a7lMPjAS,ecodmanbs@patch.com,818 656 5872
Rudolph Culham,526-14-8435,09/08/1965,Ks9rBz,rculhambt@behance.net,538 356 9875
Shantee Lohde,152-26-0603,24/04/1997,2ENWZJL4juK,slohdebu@yellowbook.com,911 649 8089
Marlowe Tomblin,899-95-9169,21/03/1996,75vF03HCYOB,mtomblinbv@webmd.com,677 634 0617
Raviv Scotland,213-11-8281,27/05/1980,72XIG7EJnU1u,rscotlandbw@eepurl.com,981 519 2652
Orlan Vasilmanov,440-26-8063,02/12/1973,RawZ1gDdu,ovasilmanovbx@ucoz.ru,871 366 8413
Margareta Garnul,589-54-1655,10/06/1961,SfG2vfCbz,mgarnulby@dell.com,864 899 3698
Ariella Breem,423-31-9540,21/04/1951,HKhkOR8,abreembz@wsj.com,121 423 4388
Rivy Smiths,432-87-1854,07/04/1969,ets7nMp,rsmithsc0@ucla.edu,993 510 2893
Adriaens Wahlberg,328-10-2063,23/09/1961,n9laH0IOT,awahlbergc1@networksolutions.com,205 931 1871
Emmalynn Petruska,708-64-9323,23/04/1955,9ZCe71CHHsp,epetruskac2@dyndns.org,321 528 9555
Jolee Ramelot,200-37-8817,01/05/1985,49AaD6GL,jramelotc3@bing.com,724 934 0091
Sioux Baignard,697-54-2686,01/09/1982,fWPlIqyuVi,sbaignardc4@google.co.uk,320 859 9437
Bernardina Elwood,220-84-7121,06/07/1972,34FP2vNl,belwoodc5@marriott.com,238 208 9771
Brigham Officer,573-65-1158,24/02/1964,Jw7QwxJ,bofficerc6@cnn.com,318 830 1513
Zedekiah Delagnes,424-60-0685,22/12/1967,ht0QCB1e,zdelagnesc7@biblegateway.com,598 463 6451
Francklin McCadden,723-89-9564,18/07/1983,9BYlpfrJNb,fmccaddenc8@cbsnews.com,686 666 5200
Jamesy Rigney,643-50-8631,12/11/1954,VzzB1pr4g,jrigneyc9@digg.com,100 124 7332
Janeczka Klimkiewich,800-50-6450,28/08/1980,Z7chm5ZS0jBX,jklimkiewichca@gravatar.com,579 692 2891
Fee Woltering,436-55-5075,22/08/2000,NSvFVab,fwolteringcb@dot.gov,410 279 4577
Danni Cordell,179-65-3425,12/12/1960,TarkEks9fO,dcordellcc@indiatimes.com,418 299 6169
Leelah Pleace,512-52-8584,20/06/1961,DVYGCVynTV5Y,lpleacecd@mozilla.com,669 964 5290
Erma Drinnan,411-38-7344,14/05/2000,WVhJcn3f0Zj5,edrinnance@usnews.com,502 119 9020
Hadlee Fortescue,768-57-0926,01/01/1994,NalgCpCk4Mr,hfortescuecf@slashdot.org,274 394 9158
Ethelred Mynott,489-67-0007,02/09/1974,G1xmcl,emynottcg@fema.gov,605 835 6648
Gustave Beet,499-07-1448,31/03/1976,8sbFCjTlno9,gbeetch@youtube.com,352 450 8290
Chanda Titlow,102-25-5985,24/07/1952,a7aiCl,ctitlowci@yandex.ru,250 874 0016
Avivah Muckle,247-49-1384,15/06/1950,g8JDP5AM8FA,amucklecj@bluehost.com,807 459 6359
Claudine Cardno,507-58-5216,03/03/1961,BSs6Xg,ccardnock@whitehouse.gov,144 530 1313
Tiphanie Klehyn,668-47-6675,01/06/1966,MrGCdr,tklehyncl@hugedomains.com,780 999 3345
Bridgette Harring,714-66-2552,21/05/1999,izyUrmQvf,bharringcm@flavors.me,513 347 1947
Angeline Jeanet,285-16-6697,06/09/1950,gxzN4RpiaAfU,ajeanetcn@unc.edu,899 925 5503
Shaylyn Duggon,196-17-9798,18/04/1975,MMQRNm,sduggonco@netlog.com,763 253 2255
Anet Tall,192-01-4791,14/03/1954,4FUo9i3,atallcp@businessinsider.com,205 992 5574
Carmel Kenrat,585-56-5003,08/03/1974,CGdE5sNF,ckenratcq@istockphoto.com,339 178 2233
Linell Gallandre,519-07-2579,30/11/1967,R4T0kF4t,lgallandrecr@trellian.com,129 237 9058
Jozef Thornally,414-57-5147,27/06/1972,6WeDiIB,jthornallycs@nyu.edu,800 503 3037
Nona Smallpeice,273-85-1142,29/04/1982,K7PjUmQCtpN,nsmallpeicect@indiatimes.com,235 185 3858
Amanda Phillips,535-84-5717,30/06/1986,dCiYA57Y8A,aphillipscu@microsoft.com,776 718 4518
Clemmy Mullender,344-38-4434,15/08/1996,411IEx,cmullendercv@cpanel.net,119 798 1641
Faith Brettell,778-26-3758,22/04/1996,punPMeuDlM,fbrettellcw@woothemes.com,700 972 5352
Farrell De Beneditti,807-52-8742,21/08/1952,Cq7zXcW3,fdecx@yellowpages.com,338 754 4876
Alla Sergeant,256-25-0618,31/10/1991,gZCoNL,asergeantcy@cbc.ca,432 436 6502
Hyatt Clymer,894-91-5673,14/12/1980,lbmquWBoTMk,hclymercz@skyrock.com,734 795 5249
Keary Bullent,694-18-2834,28/11/1988,wEfLjH,kbullentd0@digg.com,995 933 3176
Ruthy Fleckney,493-91-1029,21/01/1989,sppU1sn0kr,rfleckneyd1@parallels.com,509 685 0442
Gratia Maybury,368-70-0379,13/09/1996,0mdHCn4YNp,gmayburyd2@miibeian.gov.cn,912 919 9471
Ondrea Novic,327-17-7335,17/11/1969,XpSTzGLKd,onovicd3@sohu.com,161 610 5812
Selig Baudins,365-34-0007,15/07/1968,BD1GEtzQ,sbaudinsd4@t-online.de,263 217 4588
Raven Andrini,829-60-2536,22/06/1961,DUTzshEwsUCP,randrinid5@washington.edu,784 889 3016
Felecia Stallebrass,768-99-3095,13/08/1986,jFwNWs,fstallebrassd6@booking.com,175 657 6054
Bendick Paike,409-42-3356,26/11/1991,JapTrBVjWREW,bpaiked7@chron.com,557 925 5337
Stuart Alphonso,209-75-3294,06/04/1978,n1wVQS7R5co,salphonsod8@miitbeian.gov.cn,392 525 5583
Liz Sentance,686-51-5622,25/11/1961,NaOT3dfKll8K,lsentanced9@dot.gov,794 303 9650
Neala Abramowsky,432-80-9200,22/02/1977,Qqa6RX1fB,nabramowskyda@nifty.com,586 815 5440
Worthington Fonzo,408-23-7970,17/09/1972,dEyl5suuu,wfonzodb@loc.gov,547 468 6265
Alikee Ilyushkin,607-84-2732,30/09/1999,MAKiKd5OOal,ailyushkindc@toplist.cz,864 721 4160
Raf Dumphy,761-32-9776,27/06/1966,gklnmn19,rdumphydd@ehow.com,481 265 3712
Horton Burridge,218-58-6668,09/04/1975,98wc5gdR,hburridgede@marriott.com,991 616 8112
Vicky Swaby,249-34-4968,24/08/1983,GdYCjuqDS,vswabydf@ameblo.jp,827 184 3130
Alikee Pavier,130-70-4785,01/10/1950,7R46Fj25ehj,apavierdg@1und1.de,757 973 2824
Lemmie Marshall,655-83-8209,09/01/1980,QGFb9o3xCZ0,lmarshalldh@tumblr.com,906 649 6037
Wendy Rizzardini,483-93-4544,26/04/1983,xkXuhLh,wrizzardinidi@businessinsider.com,168 407 5435
Kendal Loads,700-01-6125,01/10/1966,BC9Gz4bkb7,kloadsdj@addtoany.com,507 488 3992
Patti Gulston,884-11-1401,01/03/1952,26hrGt8g1Ec,pgulstondk@sphinn.com,979 256 5693
Stinky Sharrem,504-15-5691,02/11/1978,9mkGQeO,ssharremdl@dropbox.com,264 925 5495
Ardyce Bearward,562-28-3325,30/06/1982,P01Y0zEBGNh,abearwarddm@amazon.com,417 130 3140
Ursa Iskowitz,335-94-8592,09/12/2000,EkL4YF5fU,uiskowitzdn@java.com,505 776 2620
Hamlen Byne,568-41-8555,18/11/1976,cy9uYq50BJ,hbynedo@lulu.com,934 669 5841
Carolyne Scarsbrick,658-28-4508,05/09/1985,PG88ZUMpH,cscarsbrickdp@nasa.gov,575 209 6827
Sula Eldered,587-98-9633,08/12/1981,L1dZETiVj,seldereddq@irs.gov,407 201 8023
Flo Abreheart,487-46-7436,04/11/1971,QwJH4O6gHUp,fabreheartdr@ameblo.jp,212 295 9969
Melisa Mcall,401-49-7188,31/01/1960,jhAKZRv9,mmcallds@tiny.cc,841 313 8679
Malvin Castillon,230-86-6466,10/05/2001,e0YoCKtO,mcastillondt@comsenz.com,174 692 9040
Darnall Leall,375-56-2689,06/05/1971,dNprqeDi,dlealldu@wufoo.com,576 486 5613
Gloria Glasspoole,420-42-9765,15/02/1995,ZCpjUEqbdQT,gglasspooledv@opera.com,729 141 3593
Ophelie Secrett,480-70-4895,28/04/1962,tXlUIn,osecrettdw@alexa.com,206 921 7089
Dacie Boots,488-83-3429,17/02/1990,ZISjMIJKL,dbootsdx@technorati.com,286 446 6643
Alexia Rivallant,122-24-6150,01/05/2000,Xa0tNAva5oX,arivallantdy@google.com.au,672 329 7881
Rinaldo Hambleton,336-84-8397,05/10/1966,z2bDmV6,rhambletondz@ucoz.com,256 333 0615
Burke Revance,812-18-4349,29/08/1988,jEz7BS6ORPQn,brevancee0@hostgator.com,885 848 0930
Thoma Minihane,512-06-9862,30/11/1991,gPrLvV99F,tminihanee1@usa.gov,418 749 7515
Aubine Worral,845-32-6051,15/10/1980,z48AHM7Pa,aworrale2@i2i.jp,876 561 5470
Corina Aggott,868-63-3556,12/12/1986,S0GEZqWN,caggotte3@illinois.edu,410 288 8071
Deborah Varley,802-86-9992,01/07/1985,UYbsDXsXNZN0,dvarleye4@technorati.com,451 377 8943
Licha Willacot,172-72-8293,10/06/1989,Vk9kya,lwillacote5@archive.org,948 899 1905
Charis Pakeman,525-12-2276,29/01/1954,hZXvh1SZ5,cpakemane6@va.gov,235 179 9932
Manfred Dilleway,651-95-4578,04/09/1957,XtpccIQPq,mdillewaye7@twitter.com,588 349 4225
Cristiano Goldthorpe,782-29-1188,16/09/1954,TYXS7R,cgoldthorpee8@wikia.com,875 920 2358
Harriet Gosse,259-61-8257,01/12/1971,6mRf9HyQi9Z,hgossee9@tiny.cc,447 920 3436
Erna Totterdill,376-15-4386,21/11/1953,BKB94648pGhL,etotterdillea@youtube.com,814 952 0113
Donalt Howden,445-81-9176,09/06/1950,SRODuudviu,dhowdeneb@cam.ac.uk,336 101 6825
Mada Chable,864-46-1703,10/01/1983,p7m0412,mchableec@github.io,545 293 9085
Devin Derye-Barrett,399-84-7580,30/05/2000,fKgIa5oH44,dderyebarretted@prlog.org,388 517 2068
Lian Villalta,376-38-2698,18/05/1965,YG6xprynXXT,lvillaltaee@blinklist.com,784 885 8336
Maurise Ruppelin,614-28-1863,26/05/1966,4GY4UJ4y7L,mruppelinef@loc.gov,415 255 2708
Doretta Goldstone,860-50-8378,21/04/1954,KoFs9WUisl35,dgoldstoneeg@angelfire.com,860 800 1601
Edie Mocker,256-76-0832,13/04/1978,Y02f7slwyQRh,emockereh@tripod.com,153 435 2008
Louise Fowgies,143-78-1923,14/04/1996,qijdBFdrZf,lfowgiesei@devhub.com,711 962 8135
Celestyna Starrs,707-25-1949,08/11/2001,mDJEaDxIkM,cstarrsej@over-blog.com,316 666 9921
Erinn Grima,212-68-7437,23/03/1998,xPTiiTb87,egrimaek@oracle.com,812 122 3085
Arabele Biggerdike,102-38-2042,27/08/1959,s31qZvB8u,abiggerdikeel@quantcast.com,518 717 7743
Harlene Beharrell,454-08-6517,05/03/1955,0eLCusQ,hbeharrellem@wunderground.com,762 913 4312
Conny Piet,325-84-7358,21/02/1983,Tk47axQQlZkt,cpieten@sfgate.com,916 709 0829
Hammad Cockland,416-22-7604,15/02/1997,2F88OY5jm,hcocklandeo@parallels.com,551 181 0381
Noelani Grindell,626-67-2243,30/01/1960,mDeT2fbGum,ngrindellep@bravesites.com,439 988 4018
Kermit Gripton,124-83-7080,07/02/1970,piiHhIEP,kgriptoneq@stanford.edu,702 388 4684
Morton Sheach,147-18-7318,15/11/1970,mHPu9BtYgI,msheacher@stumbleupon.com,255 930 5405
Winni Longfut,459-10-0370,19/06/1966,KnnOCrciI1,wlongfutes@oracle.com,488 179 3789
Flori Cockland,752-79-9119,18/07/1981,tAS5NHs8m,fcocklandet@biblegateway.com,934 953 8870
Bealle Gwynne,278-37-6128,30/01/1952,rPQMsF,bgwynneeu@de.vu,807 874 4380
Harriott Handrik,601-34-7459,05/07/1991,6c9Qy4v,hhandrikev@va.gov,473 978 5856
Jamey Geake,227-60-8234,11/02/1951,QPimm6C,jgeakeew@example.com,416 417 6613
Rey Klainman,182-21-5224,25/02/1953,zhkFPmWbS5,rklainmanex@toplist.cz,909 153 4919
Jazmin Holborn,888-55-1716,04/01/1960,QGtuVsIW,jholborney@instagram.com,444 773 7766
Carey Cothey,406-28-5395,14/05/1982,YYppjl0Y,ccotheyez@github.io,431 367 8987
Ninon Matts,367-06-2237,27/05/1998,b3DijofF4A,nmattsf0@usatoday.com,623 116 3215
Carrissa Scramage,556-63-9316,23/12/1994,V6S3Nie,cscramagef1@mapy.cz,883 725 1379
Ollie Sand,631-07-8133,06/01/1992,CfY15X1,osandf2@soundcloud.com,513 519 4315
Cesare McFetridge,782-31-5292,19/02/1978,rKkI8w6,cmcfetridgef3@omniture.com,490 893 5466
Kirsten Punshon,659-27-1240,11/07/1975,xTLKsd8,kpunshonf4@vk.com,921 681 2993
Sumner Weeke,682-63-0971,18/04/1994,XBKk4D2jABd,sweekef5@goo.ne.jp,557 411 0028
Guglielmo Rennicks,689-87-0771,03/11/1989,6EacBOQP,grennicksf6@is.gd,910 319 9457
Kimmie Arkil,136-58-2183,15/06/1982,HkVwFlaCU,karkilf7@nasa.gov,464 243 4295
Pattin Corringham,390-39-8366,09/11/1963,l7WAx7zz,pcorringhamf8@aboutads.info,363 851 9825
Ilario Chellam,160-50-4416,05/10/1986,4W35x7wpA,ichellamf9@usa.gov,389 161 3820
Aldric Bramble,224-09-1264,15/06/1973,I1D4Ay65u59,abramblefa@alexa.com,615 796 2122
Millie Roelvink,134-97-8262,05/02/1951,vWWrRvkf,mroelvinkfb@economist.com,158 173 5612
Giovanni Vedntyev,191-84-1881,22/11/1984,HEzRcA,gvedntyevfc@harvard.edu,226 940 3029
Cassandry Klimkov,136-78-4031,01/02/1999,2mUxyiF,cklimkovfd@nhs.uk,698 872 2202
Lorraine Fust,246-73-7076,10/05/1996,3Nt1O2CC,lfustfe@jimdo.com,800 966 9887
Riobard Sawday,521-76-6522,09/07/1952,kz4HKz,rsawdayff@naver.com,867 371 1466
Salli Hobgen,697-27-3937,19/03/1999,GjDVRYE,shobgenfg@ftc.gov,694 178 9210
Linc O'Corrane,658-24-1144,01/04/1975,ku7p70dra,locorranefh@sohu.com,604 316 9763
Maybelle Sidnall,446-51-2947,06/02/1978,LwZmTmknyMXk,msidnallfi@ow.ly,602 142 4184
Fiona Beeres,629-48-6095,03/10/1960,i4I7qU,fbeeresfj@reverbnation.com,890 361 8730
Emilio Brame,898-01-9476,02/06/1990,d56x6GoUYh,ebramefk@theglobeandmail.com,362 600 9373
Aida Sketchley,493-34-1544,18/07/1996,WZKn7Y4q,asketchleyfl@uol.com.br,944 505 7795
Kassia Beeze,401-90-4824,22/05/1960,3v9gSNCA,kbeezefm@ehow.com,596 129 6425
Silvain Stepto,682-66-4468,14/08/1972,w1gWcGE,ssteptofn@scientificamerican.com,598 534 2683
Auberon Queyos,109-44-2573,28/12/1959,6ShSvLhBAF7b,aqueyosfo@51.la,727 147 6636
Marion Illiston,384-04-3418,30/09/1988,kx1Ts0SI2,millistonfp@squarespace.com,571 703 1640
Geralda Josskovitz,819-36-9950,16/01/1954,MERI3j4aIr,gjosskovitzfq@soup.io,991 809 2548
Tonie Minocchi,849-22-8657,23/02/2000,dV492MJ,tminocchifr@oaic.gov.au,565 312 6155
Raeann Lippiello,423-42-7942,08/12/1994,9pT6DH,rlippiellofs@list-manage.com,198 671 8447
Zea Hasson,795-32-1351,28/10/1984,tQ7RMYXj,zhassonft@diigo.com,447 847 5850
Maurie Dreier,567-26-0327,27/08/1992,ab366j,mdreierfu@altervista.org,355 145 9755
Florencia Lehrmann,430-68-1063,21/03/1986,aEWXM7zuMA,flehrmannfv@g.co,902 617 4984
Marcelle Lafflina,320-29-5033,07/04/1960,AJOMnkRiO9,mlafflinafw@deliciousdays.com,555 390 2218
Dex Gwin,601-61-0567,15/11/1961,2vs5iPckkUxs,dgwinfx@narod.ru,578 499 8322
Alta Wharin,319-44-2251,09/05/1993,u7qEMUeIj0,awharinfy@so-net.ne.jp,437 574 0352
Darrin Harsent,680-17-4173,28/03/1963,3G8k19a,dharsentfz@cisco.com,129 696 1838
Kacie Guidotti,650-46-0922,04/10/1966,Cc3QN0FbM7t,kguidottig0@squarespace.com,788 194 8441
Humbert Fuller,223-40-0659,29/11/1977,lRbflOk,hfullerg1@icq.com,224 628 0996
Bone Blanden,800-91-1931,13/03/1975,QlfnoHcVPUD,bblandeng2@gmpg.org,892 615 3047
Carma Dulwitch,539-09-4241,17/03/1988,cuOFDlQw,cdulwitchg3@is.gd,584 393 4162
Staford Oxbury,753-88-2514,18/08/1965,06ziztyzNid,soxburyg4@alibaba.com,332 198 7850
Corette Casella,321-36-4246,25/10/1971,O7DFy0YpENg,ccasellag5@angelfire.com,727 382 0014
Dare Reinhart,584-40-2403,07/12/1985,WWBRh75C0,dreinhartg6@ihg.com,327 140 2268
Brandais Crutchley,654-27-8981,10/09/1977,PIyXbQ,bcrutchleyg7@nbcnews.com,779 906 7474
Franky Cudiff,810-17-9489,21/05/1966,4j58QdAZZQh,fcudiffg8@census.gov,525 723 1011
Wain MacGaffey,110-47-4408,13/08/1988,JNA85v,wmacgaffeyg9@netlog.com,773 312 7246
Heall Sheal,594-65-5256,02/02/1954,cm3j2qA,hshealga@blogspot.com,715 561 2476
Margarita Kesby,495-08-0771,26/08/1966,bOPgFUshnq,mkesbygb@smugmug.com,394 376 5253
Xenia Cerie,514-88-1284,10/07/1957,IkabuT,xceriegc@webnode.com,881 799 5673
Arabelle Tichner,110-02-6745,25/04/1994,BSR0GShf2Uxe,atichnergd@liveinternet.ru,476 234 7042
Calhoun Bentje,273-52-8131,29/11/1994,VsZQblV7wE4,cbentjege@seattletimes.com,862 578 4649
Orsa Creggan,183-27-5010,28/04/1974,kbmZwCKPBU,ocreggangf@archive.org,768 162 4510
Werner MacRinn,287-50-6839,22/11/1950,o1c9Afwg,wmacrinngg@de.vu,331 807 9159
Catina Llopis,673-96-2940,22/06/1969,YFb7uv0bik,cllopisgh@mapy.cz,627 305 7332
Hamlen Spilsted,469-84-6204,30/03/1998,ZOI1BAIW8b2P,hspilstedgi@tmall.com,243 611 1028
Jephthah Lantaff,823-84-6770,09/12/1988,iCI7uqnwhD,jlantaffgj@ow.ly,731 499 2914
Buiron Gollard,369-52-6664,19/06/1998,glX2CbVQ,bgollardgk@tinyurl.com,411 380 0410
Perceval Sadgrove,564-78-1737,31/08/1972,ea1DmJf9Eqi,psadgrovegl@amazonaws.com,142 777 3981
Sammy Karus,524-93-4427,16/05/1975,W40L003D,skarusgm@earthlink.net,198 927 9710
Mord Porcas,359-54-7929,31/03/1950,JGLaNFIDnAmj,mporcasgn@va.gov,933 501 9523
Kristopher Scedall,531-93-8742,20/05/1964,38kHnzdJdI,kscedallgo@tumblr.com,864 729 7268
Veronica Rentz,328-55-4502,26/05/1955,qYlAzmr0q,vrentzgp@hud.gov,478 242 5411
Mervin Boulder,873-82-1692,05/09/1986,c1HUNb,mbouldergq@sourceforge.net,358 612 0669
Josh Sein,269-64-2153,11/04/1977,06GeIpivG,jseingr@cargocollective.com,520 368 5116
Saxe Quernel,115-51-8448,06/02/1987,RlxPQv2FrV,squernelgs@hao123.com,331 153 4499
Robinet Braunroth,330-07-3721,09/11/1977,tdniBYlX9yz,rbraunrothgt@flickr.com,367 389 5147
Deny Durdle,384-45-2053,18/11/1995,MeoafZQU10,ddurdlegu@parallels.com,132 562 1857
Melinde Ruxton,896-81-8043,02/07/1986,P9t6VrBRm,mruxtongv@foxnews.com,150 969 8660
Colver Hyde,883-64-5656,03/01/1981,keoNq3MHfZY,chydegw@google.es,207 206 8603
Corinne Borrows,609-80-2144,18/04/1998,x0FLBI,cborrowsgx@desdev.cn,711 357 4833
Sibilla Tenaunt,454-41-6347,29/04/1981,YXjIayRd,stenauntgy@weibo.com,863 393 9080
Jarrod Garden,760-37-0460,25/09/1977,QvZZa5fn,jgardengz@reddit.com,551 581 0801
Lorena Carne,757-25-4498,14/09/1968,bgUD0hcnC,lcarneh0@addtoany.com,693 306 1007
Mic Mairs,682-95-9282,23/07/1984,X9BcoLSWQ,mmairsh1@surveymonkey.com,870 827 4752
Ase Dobey,607-50-5778,18/11/1996,3dzi2k616t,adobeyh2@symantec.com,827 514 5979
Lesya Keyzman,731-64-2802,15/11/1996,Io5Cu7xp8HAG,lkeyzmanh3@bravesites.com,454 154 4352
Arlene Shoobridge,301-87-4154,08/12/1973,yYNTKx48ruWc,ashoobridgeh4@networkadvertising.org,630 971 0093
Lion Donizeau,342-72-7517,29/08/1966,LbLPye,ldonizeauh5@reddit.com,942 705 5402
Tamma Connolly,636-41-0894,31/10/1957,XLQAd3x,tconnollyh6@scientificamerican.com,265 320 6830
Germain Ogilvie,747-61-4541,02/02/1978,DLcUd6,gogilvieh7@jalbum.net,608 756 3057
Lamar Hawksley,190-20-2918,28/04/1973,M9ATb9,lhawksleyh8@comcast.net,515 683 7521
Rene Howford,834-89-9069,03/03/1981,KtAjegDRdkj,rhowfordh9@cpanel.net,944 518 9171
Marge Carreck,271-46-6633,08/11/1966,OM2YN3,mcarreckha@biblegateway.com,147 542 3289
Alleyn Byard,720-75-3485,03/07/1952,Sb84hY,abyardhb@linkedin.com,650 170 4688
Hyacinthe Stranieri,119-45-5299,23/02/1968,sCMB8gbz37,hstranierihc@google.com.hk,273 129 9681
Julissa Cariss,794-79-7520,09/04/1961,LkrtQ2gt2,jcarisshd@indiatimes.com,163 277 0627
Aeriela Itzkovici,878-74-1890,07/05/1978,qWhDs08isH0x,aitzkovicihe@nps.gov,245 241 6224
Cornall Deakin,667-48-3289,27/06/1953,0ZCjKZSBV,cdeakinhf@hhs.gov,747 466 7245
Lynnea Pennell,476-16-5586,06/08/1985,xsnTgrv0,lpennellhg@etsy.com,804 766 0590
Ardelis Silbermann,239-49-9151,28/07/1987,iFlPkwtlF,asilbermannhh@jalbum.net,766 797 8634
Kirsti Yakolev,809-31-8685,16/04/1959,nY8Jm8lT1,kyakolevhi@admin.ch,368 240 0338
Angel Fulger,792-47-4737,30/03/1987,SNT4f2q5L5ZG,afulgerhj@trellian.com,732 142 4328
Alf Masterson,804-76-9016,14/06/1960,0U77m7yuvG,amastersonhk@tiny.cc,480 768 5701
Carolin Trevallion,638-18-2396,15/07/1981,9IamMIz,ctrevallionhl@vistaprint.com,352 129 5676
Lazaro McCullouch,228-78-9866,18/07/1987,1a0Ki9IVi6X,lmccullouchhm@abc.net.au,443 952 4919
Marabel Week,596-50-3538,14/08/1954,MkaBuALNw,mweekhn@zdnet.com,323 114 3179
Katuscha Tuplin,355-60-2872,09/01/1957,8O6xOVh,ktuplinho@netscape.com,214 310 5085
Vinnie Cicullo,582-15-2134,18/11/1973,sVFmcGw50m64,vcicullohp@pagesperso-orange.fr,200 562 0345
Lorettalorna Gossan,245-29-4336,05/01/2000,D0mTMqN2,lgossanhq@xinhuanet.com,952 649 6598
Bill Hardan,628-97-6051,06/12/1975,hDCWee39,bhardanhr@tmall.com,321 182 8369
Calida Sugge,237-57-1447,10/10/1954,U4OzFD4s,csuggehs@hostgator.com,732 832 8025
Sheff Mityukov,392-15-4033,20/01/1973,Z4pMnq,smityukovht@indiegogo.com,404 579 7831
Lucky Cawley,103-07-4057,13/09/1968,L7jNn3,lcawleyhu@springer.com,454 827 5018
Maude De'Vere - Hunt,227-89-9242,23/01/1974,aG25hf7LZShA,mdeverehv@accuweather.com,212 370 5323
Aveline Bensley,895-01-0444,25/09/1977,WJoAioSF,abensleyhw@guardian.co.uk,529 674 5724
Samaria Sedgebeer,692-09-0438,22/11/1966,kibPZW,ssedgebeerhx@nifty.com,289 656 7341
Ali Facer,124-82-8440,25/09/1988,s084KGohWOf,afacerhy@cnbc.com,869 687 9487
Aubine O'Hanlon,117-04-4860,31/10/1997,m7esg6,aohanlonhz@census.gov,195 824 2785
Bobine Grebbin,552-50-7386,15/11/1985,1UOPGQEHGG,bgrebbini0@redcross.org,412 896 9110
Charmion Mound,872-96-1433,29/01/2001,eAhqfahow942,cmoundi1@google.ru,207 730 0194
Monroe Cloughton,655-64-2647,09/05/1952,NpRiAIyl3,mcloughtoni2@istockphoto.com,763 224 5997
Berte Marjanovic,433-62-5355,01/04/1968,jFJsys,bmarjanovici3@simplemachines.org,961 136 9837
Rainer Grossman,421-78-7018,19/03/1965,W8HqYRb8RsUm,rgrossmani4@stumbleupon.com,597 756 3286
Prue Stroder,212-68-5499,24/04/1951,9BWiu7CB,pstroderi5@gravatar.com,724 864 1105
Nicola Baiyle,348-88-3024,09/10/2001,XBuDcC7Kp8j,nbaiylei6@deviantart.com,296 231 2097
Rubina Zanioletti,191-98-6290,21/08/1985,02Mg3LKQZra,rzaniolettii7@nhs.uk,570 515 1645
Augustus Kytley,705-11-6134,16/04/1998,LAeWvA9KMfjb,akytleyi8@t-online.de,605 537 4157
Gualterio Braunlein,647-64-9339,31/03/1960,lMYjjj,gbraunleini9@tinypic.com,355 646 3762
Hobard Claridge,814-78-5703,06/06/1983,sIFSKBvDEPRD,hclaridgeia@amazon.co.jp,578 841 5017
Dominique Hallihan,197-87-9494,12/09/1985,QFG4bKjzesY,dhallihanib@addtoany.com,495 101 0852
Moishe Fairhead,255-10-2814,19/06/1989,qbGW8AoQ99L,mfairheadic@trellian.com,534 196 0059
Babette Creelman,700-82-8259,06/05/1990,RDG7JNPOHcf,bcreelmanid@usda.gov,259 953 9463
Chicky Punchard,186-70-6704,23/07/1992,VfyOpiTox,cpunchardie@booking.com,290 718 1303
Salaidh Austen,809-12-2275,29/02/1952,6WlFnD8a5E,saustenif@meetup.com,413 106 3904
Coral Duchart,287-59-3548,26/02/1979,Q370l4v,cduchartig@amazonaws.com,198 785 7757
Hew Melby,885-79-9316,19/08/1993,Gox6mKzTamW,hmelbyih@freewebs.com,275 678 0065
Carolann Cochet,714-66-1408,17/01/1993,1ZdyzVNwz7,ccochetii@bloglovin.com,918 446 6123
Fayina Rumin,537-98-2640,20/12/1951,cIl5mN,fruminij@skype.com,993 777 6940
Deb Espadate,586-09-7503,31/12/2000,KSAahbpct,despadateik@yandex.ru,772 167 4023
Lennard Donoghue,816-50-1257,26/01/1972,b1trbzKAxI3k,ldonoghueil@t.co,249 889 0474
Elroy Real,536-32-0684,11/03/1988,kzfabdFua1Rz,erealim@list-manage.com,284 985 7259
Ernesta Pummell,556-21-4177,27/02/1996,mdQjl0IB,epummellin@uiuc.edu,134 798 7839
Cissiee Tugwell,769-88-0229,15/05/1965,yWEmU0Ciu35W,ctugwellio@reuters.com,158 209 8357
Torr Kail,441-81-9095,09/05/1995,Pq4p9cGt,tkailip@dmoz.org,915 896 5102
Allen Dunne,850-63-7019,18/09/1967,dmMBY7FSsJD,adunneiq@indiatimes.com,970 626 6058
Wesley Hanhardt,334-80-2430,18/06/1981,oeRv9WPF,whanhardtir@instagram.com,434 132 5303
Torry O'Scannill,163-41-0127,02/11/1979,pRO9m7mVgvG8,toscannillis@nyu.edu,355 203 4363
Charlton Chapelhow,581-51-7497,03/11/1998,HjTZVu14IY,cchapelhowit@cbsnews.com,277 726 7633
Brigida Nealand,660-61-4329,18/11/1996,GtbuRahv,bnealandiu@howstuffworks.com,361 791 6134
Seana Braunes,639-37-6513,13/01/1964,LkFWsj,sbraunesiv@t-online.de,520 969 8723
Alma Whitelaw,279-88-2940,21/12/1974,ccOsI1,awhitelawiw@indiatimes.com,145 648 8443
Benedicto Crocker,278-09-0249,02/07/1979,mwSSu5To,bcrockerix@bbb.org,743 851 8489
Nikolai Aaronsohn,384-50-7426,17/10/1972,LwIThpvghh,naaronsohniy@moonfruit.com,983 811 7322
Gerrie Duddan,825-35-4165,08/08/1992,JEPWSPon8h,gduddaniz@addtoany.com,728 433 9532
Anny McMurdo,394-37-5421,30/12/1972,JwKQRtNHuO0K,amcmurdoj0@theglobeandmail.com,134 384 4310
Lydon McGarrie,526-21-0149,31/05/1972,m8E8Th72Ia0,lmcgarriej1@yellowpages.com,937 756 3121
Rosabel Tollett,535-38-8244,10/11/1969,C7fev1DCU8I,rtollettj2@yellowpages.com,520 236 4476
Morlee D'Andrea,326-41-2122,12/07/1994,5P1IFFOQlF,mdandreaj3@smh.com.au,461 993 0800
Auberta Bruyntjes,710-24-1990,26/09/1981,3i2kxzNPWy,abruyntjesj4@123-reg.co.uk,103 632 4355
Randall Ormistone,378-02-0731,03/08/1995,6lHPADGoes,rormistonej5@yelp.com,304 507 0240
Marget Colgan,605-19-8446,05/01/1994,s26JNbHfeLP,mcolganj6@163.com,733 966 8152
Lissy Cozzi,351-27-9513,19/01/2000,bMlHSgcI,lcozzij7@goodreads.com,337 507 8754
Thadeus Gerling,380-39-0194,19/01/1997,xceMzrQ4K6t,tgerlingj8@prlog.org,927 856 5111
Darcie Sakins,365-10-9355,19/08/1963,6CXmbEcyE,dsakinsj9@uiuc.edu,179 787 1912
Delly Della Scala,339-74-4514,06/05/1969,6czNDLXuW,ddellaja@pagesperso-orange.fr,831 530 3714
Locke Mcimmie,805-73-2912,21/12/1996,dsOfsrJDXkdG,lmcimmiejb@nps.gov,619 242 0240
Caroljean Nickless,548-16-1149,20/08/1954,o1egaj51v,cnicklessjc@pcworld.com,803 681 9442
Livia Stockton,469-84-2033,25/08/1972,MMDwv1j,lstocktonjd@indiatimes.com,495 541 7544
Chastity Bristoe,796-18-9892,06/10/1995,iGzYmAT,cbristoeje@live.com,157 666 5304
Camilla Skillicorn,363-39-3460,11/02/1978,Kwbot9JN,cskillicornjf@whitehouse.gov,866 851 2039
Pennie Ladley,686-37-7237,16/11/1981,fWUKtFu1TQ,pladleyjg@si.edu,232 635 3578
Saudra Sieb,801-64-8922,30/07/1982,TR07rH6,ssiebjh@google.nl,636 788 3693
Vincent Ivanikhin,174-52-0477,15/12/1989,A2ekAOC3vk,vivanikhinji@engadget.com,657 423 1275
Carole Tiery,547-08-9341,27/10/1991,hnuqhuA,ctieryjj@ycombinator.com,696 508 1670
Leonora Gill,776-86-7625,09/02/1999,1u1rZUGFk3Ic,lgilljk@cloudflare.com,449 155 0771
Foss Blackwood,183-84-3893,18/11/1952,KiiGRivrdJJV,fblackwoodjl@bluehost.com,717 281 9769
Clarance Paulig,786-76-9029,12/03/1969,a7N4Gb1,cpauligjm@dell.com,264 672 9370
Herby De Cleen,583-58-1383,19/08/1958,1YtNLwz,hdejn@weebly.com,756 368 1083
Gusty Narraway,158-26-5931,07/08/1961,yEoW35BTvAB,gnarrawayjo@blinklist.com,444 901 8879
Patrizius Mingardo,623-48-1391,11/06/1960,GAeRdlK,pmingardojp@upenn.edu,919 557 7323
Desirae Bancroft,409-91-1410,08/11/1961,161HFxLWh,dbancroftjq@cpanel.net,888 752 4710
Gilligan Leebetter,629-81-9453,15/09/1974,TdubSu0U,gleebetterjr@angelfire.com,210 791 5612
Gregory Maraga,682-40-3723,02/08/1971,iYfNKEKkPp9,gmaragajs@exblog.jp,293 846 9042
Nerty Joss,497-71-5732,20/03/1956,AIzfB9efVu,njossjt@uol.com.br,380 987 7695
Noemi Gulvin,424-37-2232,12/01/1998,w7uVqB0Vk,ngulvinju@businessinsider.com,408 539 0745
Hope Fairrie,403-72-6215,01/06/1966,yyitamA,hfairriejv@slate.com,770 619 7251
Jacques Challenor,235-72-1158,28/03/1976,PVSGHQ36,jchallenorjw@sitemeter.com,923 391 1935
Edi Brandel,249-48-2143,16/05/1988,QErXTmxo,ebrandeljx@ucoz.com,301 802 5803
Ardene Dobrovolny,215-28-6562,11/08/1968,yq2nkreiNsu6,adobrovolnyjy@house.gov,235 832 6055
Kiele Oneil,841-55-5942,03/02/1954,QkRG8lRiIslX,koneiljz@phpbb.com,449 462 9418
Dotti Benedtti,513-15-8106,25/12/1986,7kuPrG,dbenedttik0@plala.or.jp,853 270 4503
Drona Willas,542-57-4872,08/11/1994,XKh2BY8UMZ,dwillask1@ucla.edu,827 705 9032
Emogene Ogden,687-39-9535,24/04/1969,0MflgcCbS,eogdenk2@fastcompany.com,528 391 5906
Dolph Veryard,296-82-2040,19/03/1965,KwT3kOu,dveryardk3@vinaora.com,545 396 4151
Luise Hurler,492-09-4169,13/02/1958,OY7Z9ViN,lhurlerk4@tmall.com,999 563 0349
Yardley Vasic,601-72-4182,28/04/1986,1p6uAlDPtrVo,yvasick5@weather.com,278 125 9581
Titus Kauble,281-92-1394,17/02/1992,8omkc0txg,tkaublek6@dyndns.org,994 474 4907
Mart Hast,490-06-6965,22/03/1972,yRE1pt7,mhastk7@nbcnews.com,426 634 9603
Thorndike Prandy,691-70-4975,09/01/1972,JBBcnm,tprandyk8@purevolume.com,930 822 6371
Constanta Watterson,830-27-2312,26/08/1983,LTbKIK,cwattersonk9@jalbum.net,846 989 7316
Morgan Boston,239-58-2526,25/05/1954,UaH65D6Au9,mbostonka@huffingtonpost.com,801 537 6764
Klaus Frankcom,331-92-3877,21/03/1993,MnZZSdpeTik2,kfrankcomkb@nbcnews.com,720 819 8656
Bili Clack,345-96-7780,21/01/1956,7XeOdztt,bclackkc@artisteer.com,202 326 9920
Valle Parton,436-10-1450,30/12/1993,rrfxp9gzsG,vpartonkd@uiuc.edu,829 482 8420
Alair Sodory,570-84-1319,13/07/1985,tTI8y7,asodoryke@dot.gov,671 759 6482
Horton Dawidowsky,748-83-4503,10/03/1995,udHBxIPSE3,hdawidowskykf@patch.com,804 657 8304
Consalve Becken,186-52-7397,14/04/2001,McxhfggnWLd,cbeckenkg@jiathis.com,245 993 3275
Gawain Newborn,716-46-8349,19/04/1974,II48d2Z9P,gnewbornkh@furl.net,838 930 5163
Livvy Jennaway,415-37-4432,22/07/1968,UTAmpjbkkWg,ljennawayki@sogou.com,350 541 4751
Lucky Silcock,813-58-6395,07/06/1965,aCbWX2E0A5Q,lsilcockkj@microsoft.com,789 725 2097
Elinor Gwillyam,786-89-6317,28/01/1980,xWiWyHm,egwillyamkk@google.com,529 811 3592
Ami Allridge,465-49-2754,16/09/1961,OHIoj0cJNS,aallridgekl@opensource.org,589 585 3865
Powell Cauderlie,691-26-0414,11/07/1982,7MiEqz81wCW,pcauderliekm@scribd.com,283 489 3636
Cleopatra Hattam,306-77-4863,25/04/1974,YAEUI580Cwmm,chattamkn@nature.com,696 758 0144
Amie Hearle,895-29-8741,21/07/1987,YO3bUz,ahearleko@aboutads.info,648 874 8644
Frasquito Naisey,149-08-3821,13/08/1977,aAojnS,fnaiseykp@answers.com,184 506 7607
Sonja Mitchenson,713-57-0112,08/03/1998,46rCVLfy6,smitchensonkq@loc.gov,428 780 0860
Scot Gillise,229-79-5521,28/08/1972,Boe0cgvdaRI,sgillisekr@patch.com,782 147 0138
Ricoriki Trendle,590-84-8041,30/09/1976,FqrRluuHZq,rtrendleks@pagesperso-orange.fr,754 100 3571
Dagny Rollin,374-75-7894,11/12/1958,TRzKaj87aIF,drollinkt@ox.ac.uk,418 442 0484
Herold Yearnsley,120-95-7430,01/10/1971,XguXx2M,hyearnsleyku@hc360.com,133 863 2455
Nicolai Rolf,559-87-3986,21/07/1989,U0tHqVJI0gK,nrolfkv@constantcontact.com,332 280 2751
Cheri Havick,472-14-2855,09/03/1979,kbZRE5xW8n8,chavickkw@techcrunch.com,560 989 7398
Felisha Buntine,373-21-3783,20/10/1962,fqUB27DU,fbuntinekx@bizjournals.com,265 738 1618
Katie Rickeard,633-70-9650,07/09/1980,7CCjisDPY,krickeardky@technorati.com,765 996 4400
Tamera Kleynen,296-65-0486,26/11/1983,DIcwzdeGz,tkleynenkz@skyrock.com,611 664 9995
Marlene Denerley,231-06-6419,17/12/1990,SkGwIrngYWJ,mdenerleyl0@businessinsider.com,402 221 3451
Lucho De Pero,545-43-4007,20/12/1962,werzR8LjggwU,ldel1@hexun.com,521 304 6245
Ikey Matuska,304-60-5435,03/05/1975,PZdSYLTNPE,imatuskal2@blog.com,973 449 2663
Blinny Beverstock,225-21-2352,12/05/1976,ehF7oRRk9z2T,bbeverstockl3@g.co,800 785 2237
Freddie Sutworth,520-13-3001,19/04/1978,298qAvsY77E,fsutworthl4@independent.co.uk,853 483 3280
Cahra Tancock,295-40-9352,06/08/1957,R8UTrL1S5J,ctancockl5@hp.com,788 851 4565
Avrom Faircliffe,531-43-3976,19/09/1991,K6RYzchCKKp,afaircliffel6@discuz.net,361 494 9014
Holly-anne Grelak,292-33-8804,09/10/1967,xMX6xA,hgrelakl7@google.es,694 568 2092
Paulita Propper,526-99-4240,30/05/1976,mQGoB8Y49doM,ppropperl8@constantcontact.com,255 928 1040
Fawne Grimwood,393-23-3562,24/03/1981,s1J65wEItuh,fgrimwoodl9@oaic.gov.au,114 501 5664
Lexie Goodsall,389-27-8710,09/10/1977,ZXz5xMk6ggh,lgoodsallla@netvibes.com,622 817 1290
Sidnee Coche,446-29-9562,02/07/1953,SrTWgh,scochelb@sohu.com,664 175 9927
Carroll Battin,166-04-6222,05/06/1983,1NWHhjUIfGtP,cbattinlc@chicagotribune.com,644 635 2945
Berkly Cardall,628-77-8922,18/04/1997,Z11k9kAaO,bcardallld@wordpress.com,213 908 9633
Ignazio Ghost,455-52-6180,28/11/1953,qnPlGl,ighostle@fc2.com,212 888 5230
Mitchel Copnar,849-70-5462,01/08/1966,bdAwT51H1,mcopnarlf@walmart.com,848 166 0858
Lennie Yalden,898-55-6064,18/05/1992,YeehbSUWXIvV,lyaldenlg@cam.ac.uk,461 205 1094
Kacey Winspeare,612-44-9138,14/12/1985,LzuSwwRbloQ,kwinspearelh@harvard.edu,949 431 4362
Belinda Ortells,438-78-4440,27/02/1995,Ccgr2Fd1KypY,bortellsli@utexas.edu,274 768 3984
Ignazio Castagneto,652-59-1435,09/09/1989,b4YXbBOA,icastagnetolj@nbcnews.com,772 980 9419
Bertram Nockalls,840-78-3516,06/03/1962,OkfbnILyzQdO,bnockallslk@samsung.com,460 469 5059
Adrienne Chatainier,592-11-1407,30/03/1975,zqTeAkXcdX,achatainierll@usgs.gov,345 109 9486
Hewie Swaile,801-30-6972,29/09/1951,MXKWKdO,hswailelm@virginia.edu,248 987 4418
Deb MacCracken,187-37-5508,20/06/1952,siPf8nKIy,dmaccrackenln@opera.com,164 538 4228
Luciano Renney,566-24-0250,05/08/1954,XGpCOdxy,lrenneylo@earthlink.net,997 141 2806
Hugues MacNeely,243-82-5423,17/09/1957,DJjJnlW00G,hmacneelylp@liveinternet.ru,625 731 3792
Bjorn Ballach,844-55-3894,05/10/1980,L4D67YTH,bballachlq@behance.net,601 797 9582
Kimberley Martineau,424-03-3046,16/08/1956,v6Zwe2Dzr,kmartineaulr@i2i.jp,612 719 0862
Edie Francioli,673-52-2384,04/05/1972,dcDDqvVk,efranciolils@va.gov,886 977 0158
Alwyn Ettles,555-62-5809,20/08/1973,Lqc2Kwu,aettleslt@wisc.edu,534 592 2556
Demetre Berkeley,119-89-4383,10/12/1961,QdpnVIOAmE5J,dberkeleylu@cocolog-nifty.com,778 909 5654
Rustie Oakland,787-22-2979,03/09/1994,t21QSOmX,roaklandlv@cargocollective.com,802 698 1283
Merv McAless,255-97-0674,09/08/1970,nk1y60Xplec,mmcalesslw@google.cn,875 368 6806
Sybyl Pesek,623-37-0299,20/11/1972,ghh53NWdNw5P,speseklx@fda.gov,451 310 0546
Gardiner Novotni,378-03-1879,14/09/1982,vs0ikdt2a,gnovotnily@reverbnation.com,168 525 2869
Siegfried Hindmoor,479-96-9092,28/05/1970,tQD4tlGXzMsE,shindmoorlz@livejournal.com,676 729 3682
Kelby Le Borgne,298-86-3768,12/04/1995,SQCBxKl65Ee,klem0@rakuten.co.jp,258 186 6039
Amandy Ilsley,723-27-9123,13/01/1987,QnBNuGVGRx5r,ailsleym1@about.me,116 846 7926
Ozzy Brennen,477-12-2208,29/03/1992,5xMEspTRX,obrennenm2@dell.com,181 315 1296
Grant Grunnill,183-96-8882,10/08/2001,xZC1X7V,ggrunnillm3@aboutads.info,164 184 7872
Ibrahim Dillamore,656-56-1289,23/02/1979,Djd66VVUN,idillamorem4@amazon.co.uk,141 704 9457
Deanna Croughan,628-75-2581,09/04/1997,60XdEX1J5RR,dcroughanm5@cdc.gov,661 164 1082
Toby Fincher,545-43-0229,02/08/1967,nXdqrIvbsIHb,tfincherm6@oakley.com,824 969 3146
Rozele Jirusek,192-92-5685,10/02/1971,2IzbC90JfX,rjirusekm7@meetup.com,452 555 8537
Godfrey Isenor,889-87-6156,11/08/1960,7A6RAG,gisenorm8@technorati.com,555 304 2279
Livvyy Lorincz,355-99-2869,06/01/1978,8YdMBhc8zhb,llorinczm9@istockphoto.com,200 973 3087
Anselma Lucock,125-60-7948,07/09/1971,zzQekFf,alucockma@bloomberg.com,786 229 9205
Zondra Prugel,805-60-9171,26/04/1959,WVWD97sOEL,zprugelmb@youku.com,113 512 0100
Georgy Akerman,492-44-4669,22/11/1975,JFoj9d72RJ,gakermanmc@wufoo.com,346 506 3690
Helenelizabeth Maslin,636-29-0696,11/12/1972,VBRxwh,hmaslinmd@surveymonkey.com,396 969 0304
Olympe Ottee,295-37-3669,02/03/1997,l1OdJW1sqM7,ootteeme@creativecommons.org,834 865 4971
Linet Rudkin,352-58-2969,13/05/1979,nCPNySqZ1RNb,lrudkinmf@nasa.gov,662 245 9544
Tuck Gabler,405-99-2728,17/01/1975,nMh9WOV,tgablermg@google.com.au,596 612 5150
Shawna Mateu,112-74-3309,22/02/1979,8U7bXIREu,smateumh@google.de,649 865 1181
Elwood Braben,827-25-2189,05/04/1976,CfWWs4GORw,ebrabenmi@businessinsider.com,142 293 9119
Bernete Cookley,347-98-1114,20/11/1988,6imAgzYh8e5,bcookleymj@seesaa.net,380 439 1142
Penny Atton,404-85-7819,01/09/1956,wmQikv,pattonmk@scribd.com,637 406 2037
Corliss Kelwaybamber,785-41-7558,20/11/1965,vPHdoinlZ34,ckelwaybamberml@nyu.edu,456 717 8613
Monti Corssen,734-71-6819,09/10/1982,JXmnfOhbH,mcorssenmm@hatena.ne.jp,327 867 7616
Phaedra Burtwistle,710-92-8423,04/02/1976,vLjt6Zegkc,pburtwistlemn@weibo.com,592 887 2436
Corrianne Rosberg,674-65-2665,18/02/1956,09YOW0RbM9,crosbergmo@amazon.de,858 957 6976
Emmery Coupman,556-67-0989,12/04/1992,hAt8FtARgK3,ecoupmanmp@icq.com,857 542 0553
Hakeem Moogan,635-28-5372,04/05/1975,3sgKJVa,hmooganmq@a8.net,544 781 5541
Tiffani Stain,670-35-9071,07/02/1951,s7Ef2fx,tstainmr@comsenz.com,775 526 8344
Herve Coraini,380-91-9001,05/08/1989,tu8JhmFmFDJp,hcorainims@answers.com,547 967 3733
Devora Clementucci,771-94-1205,23/12/1962,TjwaiHVkm,dclementuccimt@loc.gov,901 387 2935
Prent Rowell,682-67-1384,18/12/1965,5c8ZCL4h,prowellmu@fda.gov,243 402 5095
Maddie Kmiec,781-96-8604,25/07/1989,tQ247lKqhz,mkmiecmv@psu.edu,570 590 9106
Marrilee Stockney,483-18-8728,24/05/1963,vdhoUikGB3w,mstockneymw@lycos.com,497 599 8083
Nerti Cullip,162-18-9976,31/12/1973,PaT9iKiGSxe,ncullipmx@miitbeian.gov.cn,581 502 5315
Ashlan Lawrenceson,510-07-8504,08/11/1964,IoRNAMSM7,alawrencesonmy@independent.co.uk,756 935 3417
Cilka Sebrook,140-43-0099,30/08/1994,m3FRDekLcJO,csebrookmz@storify.com,755 219 1698
Carny Parade,454-41-4310,21/07/1974,ypFFb9B5uEq,cparaden0@techcrunch.com,908 104 0523
Thorvald Stang-Gjertsen,328-36-9787,08/02/1957,T7H8wCkZMIi,tstanggjertsenn1@google.nl,690 171 3813
Codi Ackred,334-31-7231,18/03/1998,zVvQDfna,cackredn2@unesco.org,180 508 7033
Libbie Cruise,820-95-0045,08/11/1978,RCXPFb,lcruisen3@nydailynews.com,218 749 2212
Durand Kleinsmuntz,656-35-9849,06/04/1972,mjTm81,dkleinsmuntzn4@samsung.com,608 137 8222
Hurley Haylett,289-11-5360,07/09/1950,5L0kqr,hhaylettn5@auda.org.au,765 921 3879
Atlante Turn,494-96-4517,10/02/1995,s6MuP3t3bIo,aturnn6@plala.or.jp,350 544 2420
Gerome Huckster,518-93-5106,20/07/1964,Xj8yDYHnlOx,ghuckstern7@nsw.gov.au,689 786 1515
Freeman Kivlehan,297-67-3524,24/12/1996,RRgokocxMWuD,fkivlehann8@google.co.uk,980 596 6870
Tandi Pidduck,797-17-0503,28/10/1983,FV1dO55R7B,tpidduckn9@cbslocal.com,863 261 5144
Lionello Roots,210-69-3998,17/03/1975,yeyPO3h2,lrootsna@ucoz.ru,627 844 0910
Manfred Tuttle,682-59-4322,10/09/1992,RuWTg3yZgJwR,mtuttlenb@prnewswire.com,383 233 6918
Inna Wheaton,289-06-5968,13/10/1983,IqR2wgx,iwheatonnc@goodreads.com,125 574 2699
Marilyn Janosevic,760-71-1342,05/09/1992,hj24d3Mv7Z,mjanosevicnd@spiegel.de,879 452 8540
Ernest McGlone,384-13-7087,30/04/1992,CBy0lVu6ni,emcglonene@examiner.com,957 724 8321
Kynthia McLeish,524-77-5202,12/06/1982,47jTFOel1xS,kmcleishnf@tamu.edu,958 831 8322
Rab Woolsey,747-61-6141,26/09/1999,1id5RQw1O9,rwoolseyng@vimeo.com,662 960 5500
Sherye Snowding,710-69-2286,02/04/1987,60FNowFtxj,ssnowdingnh@hao123.com,493 156 6061
Archibaldo Barensky,181-39-6557,06/10/2001,F1W6fOVM,abarenskyni@adobe.com,675 869 6537
Derick Tolworth,259-42-1993,28/11/1958,fgYnBr,dtolworthnj@hexun.com,777 119 2517
Alysia Kettlestringe,290-09-1597,26/12/1970,9WV2TL,akettlestringenk@cbslocal.com,333 782 3681
Mar Penson,760-56-2726,22/01/1971,Pvch8s4oda,mpensonnl@ucla.edu,381 449 3417
Guthrie Buckenham,280-27-4408,09/04/1980,kMCRktxur2MJ,gbuckenhamnm@eepurl.com,944 915 0438
Lainey McGirl,446-15-9168,03/05/1972,P5FEQb,lmcgirlnn@bandcamp.com,244 917 8045
Thibaut Kearsley,168-14-7110,10/11/1987,65l4yCn3eh,tkearsleyno@pbs.org,676 164 3705
Carolee Petranek,108-10-1264,20/02/1979,aN2us00VxOcy,cpetraneknp@purevolume.com,807 107 9109
Inesita Abrashkov,288-50-0434,23/10/1951,vlCzEPS,iabrashkovnq@answers.com,678 360 0373
Vivia Papaccio,608-13-6246,13/01/1951,ufXE6muh,vpapaccionr@hhs.gov,501 824 4737
Cointon Padberry,488-58-5096,14/04/1997,E7M1pV,cpadberryns@npr.org,565 151 0449
Jeremy Clemetts,818-58-5431,26/03/1998,SPV80v0,jclemettsnt@foxnews.com,917 317 9549
Denny Staff,115-69-5536,27/01/2000,kN8tEKX,dstaffnu@reuters.com,827 282 7591
Nathalie Quarton,489-29-3980,25/10/1963,VYW4d8HPF49,nquartonnv@arizona.edu,914 449 8881
Dorolice Luten,418-05-2305,21/02/1975,HP6z9S94ztJg,dlutennw@studiopress.com,253 719 9759
Truman Heindrich,175-46-5810,08/07/1979,AFcWVsA0j,theindrichnx@lycos.com,700 422 3065
Dorie Goomes,539-69-1847,27/09/1986,Z3Mgf2NSH5uK,dgoomesny@go.com,402 692 3842
Rosemary Waplington,291-95-9522,08/08/2001,s8bUfUw2dL,rwaplingtonnz@yellowpages.com,451 350 1521
Alair Johncey,102-36-4169,25/03/1972,f2GXwKJAM,ajohnceyo0@t-online.de,731 412 2397
Maureene Ticksall,305-68-7673,06/01/1950,fqDUWwRw,mticksallo1@naver.com,573 374 3827
Brock Mahmood,453-28-0602,28/06/1971,GlexD5H1,bmahmoodo2@java.com,394 558 8185
Gregorius Barrie,627-26-0760,07/05/1981,L75gKBgF,gbarrieo3@live.com,352 994 1246
Konstance Fortnum,432-42-7560,21/07/1956,CBLqJhb,kfortnumo4@xinhuanet.com,973 359 2432
Mora Aingell,643-51-5461,23/02/1972,QoYmfS68M,maingello5@goo.gl,483 422 5511
Merna Bonas,275-96-4372,05/11/1968,uCCNwT,mbonaso6@mail.ru,985 126 5131
Andy Mawne,295-10-9664,29/12/1972,XkdvSijB,amawneo7@webeden.co.uk,739 568 0830
Casar Sandells,205-39-7214,07/06/1987,I8tGJsVDOR,csandellso8@wunderground.com,615 335 0602
Lammond Pyett,539-32-0386,13/06/1960,DcYWdYjBQM,lpyetto9@addtoany.com,694 357 4446
Giffer Lukes,355-73-3937,30/10/1981,EhYfYJX,glukesoa@sciencedirect.com,326 413 1008
Hershel Swindles,755-39-8924,02/03/1960,t4Kxvb3,hswindlesob@blogtalkradio.com,279 128 0471
Cass Dryburgh,243-78-9728,27/06/1988,NBGy1VXp4DNK,cdryburghoc@cam.ac.uk,691 779 6511
Judy L'argent,613-81-7349,03/09/1973,D2Mmc3bT8dc,jlargentod@go.com,814 516 1937
Filia Gunningham,516-95-9416,19/06/1972,bxDT5nzdYr,fgunninghamoe@slate.com,504 469 2990
Anastassia Fusco,462-90-2102,07/02/1959,JvRVLuDpTyTL,afuscoof@wsj.com,756 594 0455
Clemens Stroton,823-66-4137,20/12/1998,JTAWqdVXA,cstrotonog@printfriendly.com,532 749 9193
Dyana Matzen,497-35-2923,09/10/1984,kYvc6Y,dmatzenoh@arizona.edu,338 783 6958
Edgar Deam,877-58-8271,19/05/1986,ALjRQ3WelE,edeamoi@nifty.com,217 783 5034
Calley Twidle,670-51-8908,23/10/1977,4yckxsyLumxh,ctwidleoj@ebay.com,871 998 9698
Muire McGavigan,214-36-2181,12/03/1976,r6rxgtPMQN7,mmcgaviganok@chronoengine.com,527 615 2168
Rois Gomm,409-26-0323,03/12/1984,7D5P2NAi,rgommol@imgur.com,401 189 0310
Zola Lindl,404-90-5007,22/01/1996,LiNQVcC,zlindlom@columbia.edu,868 532 2512
Marissa Cecil,535-04-8958,12/02/1985,RLQngMD,mcecilon@hexun.com,921 414 7415
Levon Maffi,235-83-9293,26/01/1971,V5r0CJC0zCiu,lmaffioo@nhs.uk,267 785 7809
Jarrad Saffle,679-30-7051,08/06/1993,ZL3mPYkRHUh,jsaffleop@csmonitor.com,976 331 3792
Clifford Batkin,660-81-6522,20/09/1950,4RfNka,cbatkinoq@latimes.com,795 654 3654
Gloria Coopland,874-66-0950,13/10/1981,BG3cr6Bpe,gcooplandor@pbs.org,279 854 5663
Rivi Matteucci,733-52-0457,14/07/1994,9q7wQSJeER,rmatteuccios@nih.gov,226 975 5599
Keelby Sear,358-96-5008,14/10/1967,yHWdXLYk88,ksearot@alexa.com,581 261 5659
Noll Philipsen,764-54-0181,25/01/1975,afhsGYfr,nphilipsenou@moonfruit.com,798 638 0370
Rayner Kembley,758-87-8038,18/01/1996,fQfSVE,rkembleyov@e-recht24.de,870 537 3611
Desdemona Slessor,324-85-3019,08/01/1966,zolxzk,dslessorow@tripadvisor.com,578 376 0888
Charita Flett,259-99-8038,12/05/1955,ak6E9FcF2O,cflettox@ucoz.com,956 875 3827
Shannah Bassill,189-66-9457,16/09/1961,9NMwVqNwz,sbassilloy@blogspot.com,252 151 6989
Milli Rich,683-60-6593,27/07/1999,xEkPkQwcwzmf,mrichoz@list-manage.com,849 638 0619
Granger Lowseley,214-97-1680,23/07/1952,vESg5Ln,glowseleyp0@infoseek.co.jp,771 562 5696
Khalil Cullinan,667-81-6877,01/10/1997,wDCS2sXGo5Rl,kcullinanp1@fc2.com,497 525 6926
Kym Corbitt,152-89-9864,31/03/1956,74h7eFe,kcorbittp2@hc360.com,682 750 1910
Ivie Jansen,621-63-1317,12/10/1969,Kesmxl8ne9T,ijansenp3@dion.ne.jp,934 170 8787
Daphene Llewellen,611-47-2691,29/01/2000,KF5dCwUR1C3S,dllewellenp4@usnews.com,386 637 4258
Glennis Ekins,740-10-1062,24/09/1994,VrazRP1a,gekinsp5@yellowpages.com,315 604 6077
Avery Riccelli,468-15-7761,08/07/2000,Um5pQ7T,ariccellip6@networksolutions.com,674 728 0514
Jarret Faers,702-81-3951,14/11/1994,Q5DzOncT,jfaersp7@ted.com,961 570 7303
Chadwick Pickrill,740-31-6475,29/01/1984,3X2uEk,cpickrillp8@devhub.com,506 869 6944
Micheal Neylan,210-67-5198,08/11/1953,uvPvfa0IYD4c,mneylanp9@oakley.com,414 411 2907
Lawry Sabathier,510-02-4383,29/12/1950,jrQg0fHBm,lsabathierpa@seattletimes.com,510 852 5893
Shane Tother,346-25-4720,12/09/1973,WYFUFscsh,stotherpb@hubpages.com,429 436 3831
Simeon Balog,273-45-5091,17/05/1959,EGKEtQGygD,sbalogpc@hud.gov,845 920 0638
Kayla Bickardike,628-82-2534,22/05/1998,4FydtOwF,kbickardikepd@indiegogo.com,929 354 6252
Everett Repp,700-32-3945,09/11/1950,pvl7xT,erepppe@alexa.com,669 429 3301
Charlena Olohan,147-91-2963,08/11/1963,Zw9aeR,colohanpf@nature.com,234 273 4877
Nealy Aslott,541-16-1400,01/01/1999,aW8YhLfJV34M,naslottpg@intel.com,265 187 5481
Cherey Charkham,353-95-6571,31/10/1958,26w9b3Uw,ccharkhamph@usnews.com,874 149 0211
Lincoln Vanlint,430-65-5221,19/10/1970,r8w6rGuxLdy5,lvanlintpi@guardian.co.uk,319 400 4261
Cchaddie Schirak,139-85-5152,25/08/1994,v5SthAf,cschirakpj@gravatar.com,324 607 9734
Jasmin Cringle,719-37-3787,21/06/1974,n8AXd6JD05O8,jcringlepk@joomla.org,367 349 3941
Hollyanne Belverstone,637-24-2553,27/10/1981,FGb1wV2zZ1,hbelverstonepl@bloglovin.com,354 342 7104
Cordelia Gwyllt,835-29-0103,01/07/1975,vl7sCX04D,cgwylltpm@soup.io,760 170 7432
Bordie Pepye,439-10-6019,30/10/1966,VoxTxZ,bpepyepn@tamu.edu,298 996 3669
Ker Doust,712-73-6072,18/05/1950,8l6Nizr,kdoustpo@exblog.jp,409 527 8959
Shandy Iredell,284-58-2262,03/04/1989,kHT1mgqJHI8T,siredellpp@squidoo.com,292 783 5556
Zelma Tutin,647-81-4351,18/07/1983,MJyOlRYujvx,ztutinpq@netscape.com,121 558 4801
Christy Copp,316-37-4816,23/07/1977,wn4kdTenuU,ccopppr@cdc.gov,994 861 2203
Seline Masey,189-35-1456,04/05/1989,y94zSV3,smaseyps@fastcompany.com,389 200 6665
Jacquenette Scopham,377-53-8052,31/10/1953,Fz9eg326gK,jscophampt@chronoengine.com,966 276 5972
Quincy Hakonsen,269-48-1554,12/11/1989,1GplOmOm,qhakonsenpu@rediff.com,269 472 3702
Abbie Rain,330-63-9077,01/07/1991,GNGQlYZ,arainpv@hubpages.com,741 846 7237
Valentin Crystal,499-32-4182,09/03/1994,4mZIWD,vcrystalpw@t-online.de,330 788 1529
Emile Martineau,461-71-8934,25/09/1963,uWvsFIzN3rJc,emartineaupx@elegantthemes.com,127 500 8816
Nancey Brydone,386-35-8322,09/09/1964,2f2VaO,nbrydonepy@123-reg.co.uk,348 151 1442
Rena Carmichael,230-56-3204,30/07/1993,kP3WFI,rcarmichaelpz@businesswire.com,372 770 0372
Jourdain Falck,567-83-3293,07/09/1991,cIRWM1c6iZ,jfalckq0@icq.com,196 991 9509
Mervin De Ambrosis,216-66-2311,25/10/2001,eMzRpx,mdeq1@xing.com,205 355 3524
Yardley Stoven,608-98-5104,27/04/1999,0yowWrdan,ystovenq2@twitpic.com,526 541 7793
Erastus Bunney,573-67-1572,22/01/1981,Ny61YU,ebunneyq3@census.gov,680 568 9087
Beatrix Callum,323-62-0806,10/06/1971,y7RW53OkSsn4,bcallumq4@apache.org,804 858 6103
Garv Fearfull,153-01-7278,27/08/1977,Ue0olah,gfearfullq5@umich.edu,943 635 7080
Ginger Hlavac,794-14-7513,23/07/1975,vwmqdvnIlQ1,ghlavacq6@cloudflare.com,390 242 4188
Vanya Huband,787-75-0119,29/11/1961,qJ9b2Qfbgs0,vhubandq7@friendfeed.com,108 758 4572
Jayme Conneau,724-68-9738,24/04/1953,O4ciHN8O,jconneauq8@princeton.edu,249 164 5321
Henryetta Childes,112-12-1253,22/04/1951,eQ8CFql3dWC1,hchildesq9@vinaora.com,872 511 7578
Liva Wight,455-56-2495,23/02/1995,5D6TYhpVDWCj,lwightqa@newsvine.com,769 147 6831
Ashbey Wison,862-27-9359,31/12/1970,lSdtucodBr3B,awisonqb@forbes.com,788 536 0629
Reed Brinkley,704-39-5184,21/04/1965,gxQYjX5lr3J5,rbrinkleyqc@psu.edu,904 191 8827
Radcliffe Gallymore,277-66-9832,16/10/1975,CYZFqi5rpI2k,rgallymoreqd@webs.com,203 106 1140
Garry Dach,449-11-6022,26/10/1999,Q0O3lL0F9VCm,gdachqe@ucoz.ru,584 325 2187
Carrie McCollum,849-88-5908,08/06/1960,cTOf3Y,cmccollumqf@ebay.com,218 194 3667
Genevieve Robinson,235-12-7005,24/03/1957,PaHvosc,grobinsonqg@about.com,207 421 4033
Domeniga Glison,298-48-2422,18/01/1989,qY1Ykywv,dglisonqh@dagondesign.com,117 643 1654
Virgil Struys,276-98-1230,18/11/1977,ShjvVd,vstruysqi@google.fr,201 475 7418
Tracee Larose,785-64-8100,28/09/1994,GH4WgspK,tlaroseqj@mashable.com,878 126 0945
Truda Cahalin,663-74-2737,26/02/1951,3eAwaKDbLUZ,tcahalinqk@google.com.hk,593 784 5381
Ericha Hartly,418-92-8309,25/01/1970,YMbUCF,ehartlyql@netlog.com,963 326 4772
Chicky Romaint,462-01-9370,14/06/1998,bINgXVi,cromaintqm@bigcartel.com,600 594 1140
Ricca Calfe,179-34-2990,19/03/1950,3eqsNEFYd2jm,rcalfeqn@fastcompany.com,537 920 7853
Doro Fidock,515-21-3431,24/04/1982,yE9rGw,dfidockqo@dailymail.co.uk,120 107 0094
Daphna Hollingsby,387-71-8193,14/07/1959,z0Gw9Kl,dhollingsbyqp@nifty.com,209 760 6745
Shermy Annott,442-38-7837,03/06/1958,6WgyqS5cAfOs,sannottqq@berkeley.edu,961 859 4938
Bernadene Brik,637-23-2433,03/05/2001,LywMVPw0iGbD,bbrikqr@over-blog.com,867 700 1331
Ambrosi Treadway,506-75-2928,21/10/1988,M37nsAbUzeio,atreadwayqs@microsoft.com,614 398 5075
Kane Kilmister,257-02-4975,16/05/1974,XofEYWl,kkilmisterqt@chronoengine.com,899 403 1171
Kristofer Kiessel,712-35-2486,04/07/1996,uACdkBZC,kkiesselqu@blogtalkradio.com,862 669 5763
Noll Southard,388-28-1211,29/01/1958,6aYGqA37HAa,nsouthardqv@shutterfly.com,525 689 3769
Celesta Hairsine,474-23-5231,09/06/1950,KM3t3ULDw,chairsineqw@yellowbook.com,595 521 2342
Paolo Edmondson,898-61-9507,26/02/1983,zfBQdukF0,pedmondsonqx@123-reg.co.uk,190 470 6585
Moishe Scown,555-49-0037,20/03/1952,1mmGBz,mscownqy@bravesites.com,830 851 6372
Mathew felip,736-79-0274,12/01/1979,O8FNGg,mfelipqz@wp.com,838 667 0891
Jephthah Yarrell,835-96-0092,06/01/1985,pRBKUCj6bDa,jyarrellr0@baidu.com,411 984 6807
Zeb Yerrill,755-78-2730,14/12/1993,dfrPSaer,zyerrillr1@dell.com,565 489 6338
Adrien Valentine,594-88-2828,22/10/1962,FjTyiI0Tc,avalentiner2@umn.edu,627 701 1872
Kesley Samms,385-72-6882,23/10/1959,NEQH1T,ksammsr3@163.com,200 782 3162
Pearce Ech,486-01-3847,05/12/1990,CjvyZlyKo,pechr4@netscape.com,164 460 6155
Shayne Negus,392-43-3242,05/03/1996,qyVeA9aN7mI,snegusr5@addtoany.com,668 134 8982
Becky Orwell,736-80-3662,12/07/1995,EAZXj6C,borwellr6@networksolutions.com,313 378 6388
Marissa Bankhurst,308-65-5488,25/01/1968,v94oPkb,mbankhurstr7@discovery.com,948 877 8507
Shellie Morrell,804-54-9106,28/06/1961,WTWnar8,smorrellr8@yolasite.com,803 289 9111
Mariann Heaney`,152-57-6030,11/04/1951,vbjQ2OO,mheaneyr9@cnbc.com,162 751 5389
Quill Alenin,150-44-9280,30/06/2000,JzMleTyP,qaleninra@photobucket.com,262 505 2197
Evita Eynaud,235-85-5471,17/02/1970,TiudBb,eeynaudrb@google.ca,828 800 8492
Ulrike Baildon,148-68-6291,21/09/1957,PnHX1d,ubaildonrc@icio.us,427 602 4660
Andriette Yashaev,676-48-4621,12/05/1998,7b47KQV3bFa,ayashaevrd@fda.gov,271 217 9845
Link Powney,625-35-2337,01/12/1983,Y4AjWacjM57a,lpowneyre@nifty.com,998 884 4656
Marcelo Greenhalf,338-36-1083,29/08/1989,nLrPKrGlD5cd,mgreenhalfrf@miitbeian.gov.cn,777 339 5670
Mella Morton,822-81-3028,03/09/1992,GXtPj4,mmortonrg@blog.com,353 591 8823
Briano Pickvance,619-17-9470,02/07/1974,lFCnWQ,bpickvancerh@shareasale.com,411 736 7463
Myriam Braune,546-14-5418,22/12/1964,gJFfywpM,mbrauneri@smh.com.au,979 207 6642
Sacha Gregoretti,633-75-6560,07/03/1965,99iMm6gL8U0,sgregorettirj@shinystat.com,371 278 9427
Yard MacAless,101-62-8298,21/12/1975,A87XUmgkVD9h,ymacalessrk@flickr.com,580 170 7071
Ki Abela,327-76-7201,06/08/1996,p67OfH,kabelarl@si.edu,154 815 5270
Merell Kenafaque,518-63-8245,19/09/1963,NsQWV6,mkenafaquerm@bravesites.com,350 882 5766
Jennica Sturt,376-70-1684,24/12/1984,HeNbrO1RM,jsturtrn@hud.gov,170 581 9486
Wolfie Sebring,287-32-7225,05/03/1975,tnBMxncSiIa4,wsebringro@opera.com,975 641 6151
Forbes Awty,197-45-4408,06/12/1985,B2k9fzFbOjP,fawtyrp@blogspot.com,844 634 1493
Raimondo Purbrick,147-80-8661,18/09/1973,6POJ4Z,rpurbrickrq@unc.edu,367 804 2228
Mallory Tockell,620-12-2108,28/05/1967,L1cdOeBYgf,mtockellrr@aol.com,791 642 2798
